"","site","year","Tmin","Tmax","Prcp"
"1","ADO",1950,3.60965296803653,15.7830502283105,333.81
"2","ADO",1951,2.52506849315068,13.4653698630137,639.446666666667
"3","ADO",1952,2.32614754098361,14.9015300546448,497.426666666667
"4","ADO",1953,3.22819178082192,15.2842557077626,332.026666666667
"5","ADO",1954,2.86587214611872,14.7796073059361,376.87
"6","ADO",1955,4.60396347031963,15.4800821917808,622.333333333333
"7","ADO",1956,2.16281420765027,13.5581785063752,480.503333333333
"8","ADO",1957,2.91359817351598,14.8305936073059,500.923333333333
"9","ADO",1958,3.87956164383562,14.9285936073059,433.86
"10","ADO",1959,4.10652054794521,14.2796621004566,718.113333333333
"11","ADO",1960,3.73335154826958,14.3514116575592,720.663333333333
"12","ADO",1961,2.12489497716895,16.5266392694064,516.143333333333
"13","ADO",1962,1.57508675799087,15.3599543378995,560.786666666667
"14","ADO",1963,1.35744292237443,14.1465936073059,699.363333333333
"15","ADO",1964,1.43940801457195,15.9337887067395,511.003333333333
"16","ADO",1965,1.45370776255708,14.957397260274,563.866666666667
"17","ADO",1966,2.07799086757991,15.1440547945205,598.493333333333
"18","ADO",1967,0.99737899543379,15.5758812785388,444.216666666667
"19","ADO",1968,1.72939890710383,15.2725591985428,514.93
"20","ADO",1969,1.30738812785388,13.390301369863,851.636666666667
"21","ADO",1970,0.746502283105023,15.057899543379,514.543333333333
"22","ADO",1971,0.764301369863014,13.4769132420091,799.82
"23","ADO",1972,1.24532786885246,13.136839708561,654.336666666667
"24","ADO",1973,0.908547945205479,14.9568767123288,448.83
"25","ADO",1974,1.30730593607306,14.4251780821918,567.433333333333
"26","ADO",1975,1.25602739726027,14.5541826484018,645.88
"27","ADO",1976,1.09520947176685,14.4675409836066,637.096666666667
"28","ADO",1977,1.77208219178082,14.3149863013699,684.84
"29","ADO",1978,1.07285844748858,14.8311141552511,492.76
"30","ADO",1979,2.09224657534247,14.8166757990868,680.276666666667
"31","ADO",1980,0.865765027322404,15.202131147541,459.616666666667
"32","ADO",1981,1.2713698630137,16.2311780821918,435.663333333333
"33","ADO",1982,2.35164383561644,15.5156621004566,573.346666666667
"34","ADO",1983,1.72526940639269,16.443397260274,350.68
"35","ADO",1984,1.26568306010929,14.313233151184,585.293333333333
"36","ADO",1985,2.29018264840183,15.660401826484,431.13
"37","ADO",1986,2.18001826484018,15.1042922374429,581.923333333333
"38","ADO",1987,2.87992694063927,15.8049223744292,531.836666666667
"39","ADO",1988,1.96734061930783,15.6493624772313,589.796666666667
"40","ADO",1989,3.02792694063927,16.3643287671233,589.686666666667
"41","ADO",1990,2.63251141552511,16.3312876712329,414.973333333333
"42","ADO",1991,1.92339726027397,15.1517260273973,517.54
"43","ADO",1992,1.39700364298725,15.5764936247723,397.866666666667
"44","ADO",1993,1.08949771689498,15.1748858447489,471.45
"45","ADO",1994,2.49803652968037,17.0956347031963,359.503333333333
"46","ADO",1995,2.23435616438356,16.6458356164384,462.7
"47","ADO",1996,1.99504553734062,15.3204098360656,659.676666666667
"48","ADO",1997,2.91892237442922,16.5132602739726,610.646666666667
"49","ADO",1998,2.09213698630137,16.0784931506849,458.896666666667
"50","ADO",1999,2.06651141552511,15.6018630136986,541.156666666667
"51","ADO",2000,1.73325136612022,16.330956284153,470.97
"52","ADO",2001,2.15377168949772,16.0587945205479,339.116666666667
"53","ADO",2002,2.90112328767123,15.996803652968,628.01
"54","ADO",2003,3.00185388127854,16.2910867579909,596.79
"55","ADO",2004,2.09316029143898,15.9116393442623,513.833333333333
"56","ADO",2005,1.61200913242009,16.5181369863014,355.88
"57","ADO",2006,3.22630136986301,17.0641826484018,507.92
"58","ADO",2007,1.97890410958904,16.070401826484,454.41
"59","ADO",2008,2.26642076502732,15.5654007285974,647.85
"60","ADO",2009,3.04693150684932,17.2250502283105,434.02
"61","ADO",2010,2.57846575342466,15.2294429223744,657.786666666667
"62","ADO",2011,3.0708401826484,17.3941278538813,446.516666666667
"63","ADO",2012,2.26130236794171,16.6077686703097,420.83
"64","ADO",2013,2.2871598173516,15.3084474885845,577.353333333333
"65","ADO",2014,3.43623744292237,16.6939360730594,527.306666666667
"66","ADO",2015,3.20359817351598,17.6516529680365,410.766666666667
"67","ADO",2016,3.11982695810565,16.8845446265938,482.97
"68","ADO",2017,2.72759817351598,18.1938264840183,338.71
"69","ADO",2018,3.33779908675799,16.1097168949772,727.703333333333
"70","ADO",2019,2.78413698630137,17.3046118721461,424.596666666667
"71","ADO",2020,3.51905282331512,17.1874225865209,563.253333333333
"72","ADO",2021,2.90280365296804,16.4950502283105,572.903333333333
"73","ADO",2022,3.93862100456621,18.2172602739726,424.71
"74","ALU",1950,2.80971917808219,14.7725342465753,343.71
"75","ALU",1951,1.74119178082192,12.4711815068493,688.14375
"76","ALU",1952,1.62498975409836,13.9305737704918,531.1375
"77","ALU",1953,2.48266095890411,14.3573630136986,360.19375
"78","ALU",1954,2.14396232876712,13.8749075342466,402.60125
"79","ALU",1955,3.86725342465753,14.5467465753425,671.92375
"80","ALU",1956,1.38751024590164,12.6123633879781,505.2975
"81","ALU",1957,2.16620205479452,13.8742534246575,524.35375
"82","ALU",1958,3.06418835616438,13.9263835616438,473.645
"83","ALU",1959,3.28417465753425,13.2697671232877,757.14
"84","ALU",1960,2.90931010928962,13.364518442623,766.0675
"85","ALU",1961,1.46352739726027,15.5149280821918,565.19625
"86","ALU",1962,0.892441780821918,14.3866301369863,605.435
"87","ALU",1963,0.67697602739726,13.1743082191781,763.15375
"88","ALU",1964,0.836236338797814,14.9905737704918,557.48375
"89","ALU",1965,0.785068493150685,13.9668732876712,624.81
"90","ALU",1966,1.40371917808219,14.1754143835616,669.4025
"91","ALU",1967,0.392,14.6347979452055,483.45625
"92","ALU",1968,1.06137636612022,14.2714515027322,563.53125
"93","ALU",1969,0.653852739726027,12.4012636986301,911.6025
"94","ALU",1970,0.16852397260274,14.0954691780822,557.96625
"95","ALU",1971,0.121277397260274,12.4765410958904,854.03625
"96","ALU",1972,0.560133196721311,12.1050068306011,722.27625
"97","ALU",1973,0.31125,14.0005273972603,474.35
"98","ALU",1974,0.664924657534247,13.4422054794521,612.3725
"99","ALU",1975,0.616893835616438,13.5684246575342,678.94375
"100","ALU",1976,0.490966530054645,13.4530908469945,689.45625
"101","ALU",1977,1.11191438356164,13.317051369863,740.86125
"102","ALU",1978,0.44102397260274,13.8412602739726,545.98875
"103","ALU",1979,1.43725684931507,13.8147191780822,743.86125
"104","ALU",1980,0.299603825136612,14.2571994535519,503.31125
"105","ALU",1981,0.690092465753425,15.2501575342466,457.845
"106","ALU",1982,1.69752397260274,14.5143424657534,617.585
"107","ALU",1983,1.18540753424658,15.4721506849315,371.57875
"108","ALU",1984,0.676898907103825,13.3107103825137,644.045
"109","ALU",1985,1.75041095890411,14.6992226027397,463.23125
"110","ALU",1986,1.54680821917808,14.1435136986301,617.72875
"111","ALU",1987,2.25253767123288,14.8575205479452,574.23375
"112","ALU",1988,1.37954576502732,14.6582035519126,622.64375
"113","ALU",1989,2.45144520547945,15.3294897260274,636.59875
"114","ALU",1990,2.00563698630137,15.3105445205479,439.49625
"115","ALU",1991,1.3223698630137,14.1580616438356,533.6425
"116","ALU",1992,0.835775273224044,14.5870457650273,435.6925
"117","ALU",1993,0.50316095890411,14.1923630136986,501.94875
"118","ALU",1994,1.94629109589041,16.1220616438356,395.07
"119","ALU",1995,1.69149315068493,15.6546849315068,491.9575
"120","ALU",1996,1.41662568306011,14.3119672131148,713.45
"121","ALU",1997,2.35247945205479,15.5297191780822,659.32
"122","ALU",1998,1.53484589041096,15.1244143835616,487.92625
"123","ALU",1999,1.49332876712329,14.6649315068493,567.35375
"124","ALU",2000,1.19674180327869,15.355806010929,501.4125
"125","ALU",2001,1.60305821917808,15.1107876712329,373.39
"126","ALU",2002,2.29077739726027,14.9791883561644,681.805
"127","ALU",2003,2.42059246575342,15.3141780821918,630.47875
"128","ALU",2004,1.48866803278689,14.9685416666667,537.7075
"129","ALU",2005,1.10241438356164,15.5308561643836,374.77375
"130","ALU",2006,2.72364383561644,16.0953390410959,540.01875
"131","ALU",2007,1.48439726027397,15.1096917808219,497.99875
"132","ALU",2008,1.78175546448087,14.548381147541,694.6875
"133","ALU",2009,2.5736301369863,16.2244897260274,482.1975
"134","ALU",2010,2.03909246575342,14.2179417808219,718.8625
"135","ALU",2011,2.6137602739726,16.3779794520548,489.925
"136","ALU",2012,1.79176571038251,15.6046174863388,452.29625
"137","ALU",2013,1.77693493150685,14.2806883561644,627.355
"138","ALU",2014,2.91289383561644,15.6584965753425,586.1625
"139","ALU",2015,2.75226712328767,16.6527636986301,458.5125
"140","ALU",2016,2.61990095628415,15.8524829234973,542.6125
"141","ALU",2017,2.29366438356164,17.1806883561644,368.1775
"142","ALU",2018,2.79845890410959,15.0718253424658,777.005
"143","ALU",2019,2.29042465753425,16.2790650684931,465.505
"144","ALU",2020,3.02768442622951,16.1698292349727,612.99375
"145","ALU",2021,2.43157534246575,15.4941164383562,612.2175
"146","ALU",2022,3.51455479452055,17.2197568493151,464.81
"147","BAS",1950,6.23771232876712,16.4501917808219,831.84
"148","BAS",1951,5.46293607305936,14.9512739726027,980.355
"149","BAS",1952,6.28527777777778,15.9542486338798,852.226666666667
"150","BAS",1953,5.4156301369863,16.4617534246575,579.305
"151","BAS",1954,4.85495890410959,15.4302694063927,744.055
"152","BAS",1955,6.23243835616438,16.7876210045662,650.908333333333
"153","BAS",1956,4.38426229508197,14.6950865209472,617.48
"154","BAS",1957,5.37558904109589,16.0469680365297,598.69
"155","BAS",1958,4.93358904109589,16.3975936073059,745.295
"156","BAS",1959,4.79694063926941,16.3982237442922,1027.06333333333
"157","BAS",1960,4.16958561020036,15.9911839708561,1076.02666666667
"158","BAS",1961,4.41055251141553,17.9385890410959,952.838333333333
"159","BAS",1962,3.90451141552511,17.0342922374429,746.68
"160","BAS",1963,2.94376255707763,15.8452557077626,925.813333333333
"161","BAS",1964,3.82995901639344,17.2618078324226,730.961666666667
"162","BAS",1965,3.77043378995434,16.161602739726,917.54
"163","BAS",1966,4.93803196347032,16.4919543378995,1044.23166666667
"164","BAS",1967,4.50930136986301,16.9334337899543,751.986666666667
"165","BAS",1968,5.14630692167577,16.464704007286,873.825
"166","BAS",1969,5.04266666666667,15.3282328767123,944.135
"167","BAS",1970,4.8265296803653,16.5879269406393,683.88
"168","BAS",1971,4.69422831050228,15.8403652968037,926.22
"169","BAS",1972,4.02715391621129,15.1044171220401,1039.13833333333
"170","BAS",1973,4.63554337899543,16.4914337899543,709.295
"171","BAS",1974,4.41570776255708,15.8226757990868,863.668333333333
"172","BAS",1975,4.38798173515982,16.2126255707763,788.776666666667
"173","BAS",1976,4.14285063752277,16.4140983606557,857.008333333333
"174","BAS",1977,4.3134200913242,16.0309223744292,889.498333333333
"175","BAS",1978,3.52095433789954,16.2807899543379,866.098333333333
"176","BAS",1979,4.91945662100457,15.7201735159817,1055.13
"177","BAS",1980,4.29710837887067,16.3885792349727,808.193333333333
"178","BAS",1981,5.29709589041096,17.3618310502283,819.661666666667
"179","BAS",1982,5.85132420091324,16.9205251141553,914.041666666667
"180","BAS",1983,5.80182648401826,17.4672557077626,633.473333333333
"181","BAS",1984,4.83603369763206,15.808237704918,937.17
"182","BAS",1985,5.14442465753425,17.0823515981735,660.453333333333
"183","BAS",1986,5.49121461187215,16.4616164383562,776.065
"184","BAS",1987,6.05655707762557,16.8480136986301,749.043333333333
"185","BAS",1988,5.94151183970856,16.7759244080146,852.715
"186","BAS",1989,6.7623196347032,17.8571415525114,663.325
"187","BAS",1990,6.25369406392694,17.7040776255708,757.298333333333
"188","BAS",1991,5.72399543378995,16.3739908675799,679.426666666667
"189","BAS",1992,5.69413479052823,16.3290255009107,882.516666666667
"190","BAS",1993,5.17756621004566,16.4319497716895,806.885
"191","BAS",1994,6.41177625570776,17.7326484018265,772.198333333333
"192","BAS",1995,6.44589497716895,17.7017260273973,702.22
"193","BAS",1996,6.21243624772313,16.0057741347905,944.873333333333
"194","BAS",1997,7.40325114155251,17.4813287671233,881.111666666667
"195","BAS",1998,6.42148401826484,16.4972054794521,776.216666666667
"196","BAS",1999,6.49758904109589,15.828803652968,887.171666666667
"197","BAS",2000,6.50882058287796,16.7684972677596,974.741666666667
"198","BAS",2001,6.54624657534247,16.601397260274,719.768333333333
"199","BAS",2002,7.10103196347032,16.1396392694064,1192.85833333333
"200","BAS",2003,7.51571689497717,16.769401826484,997.045
"201","BAS",2004,6.1381693989071,16.4949908925319,772.99
"202","BAS",2005,6.16628767123288,15.7709452054795,891.471666666667
"203","BAS",2006,7.34919634703196,17.0891278538813,871.538333333333
"204","BAS",2007,6.11503196347032,16.2630821917808,1056.49
"205","BAS",2008,6.18330601092896,15.6550956284153,1308.69833333333
"206","BAS",2009,6.85272146118721,16.5772876712329,1211.26833333333
"207","BAS",2010,5.9607397260274,15.048497716895,1094.935
"208","BAS",2011,7.5353196347032,17.3217899543379,1074.17333333333
"209","BAS",2012,6.75626138433516,16.7429508196721,1120.79166666667
"210","BAS",2013,6.48475799086758,15.4895799086758,1537.10666666667
"211","BAS",2014,7.45875799086758,16.7208949771689,1469.07833333333
"212","BAS",2015,7.29139726027397,17.2383561643836,1230.90333333333
"213","BAS",2016,6.91658469945355,16.4692486338798,1098.91166666667
"214","BAS",2017,6.88977625570776,17.251100456621,1162.065
"215","BAS",2018,7.23902739726027,16.3253789954338,1436.59
"216","BAS",2019,6.7795799086758,17.1066712328767,1331.39166666667
"217","BAS",2020,7.29422131147541,17.5236338797814,1107.77666666667
"218","BAS",2021,6.74681735159817,17.0322146118721,691.618333333333
"219","BAS",2022,8.11348401826484,19.3046438356164,495.711666666667
"220","CED",1950,3.83276712328767,14.7665114155251,304.858333333333
"221","CED",1951,3.0643196347032,12.8037625570776,632.191666666667
"222","CED",1952,3.62434426229508,14.254927140255,415.661666666667
"223","CED",1953,3.54819178082192,14.3159132420091,329.841666666667
"224","CED",1954,3.14792237442922,13.9683835616438,363.885
"225","CED",1955,4.74769406392694,14.6938493150685,545.61
"226","CED",1956,2.38177595628415,12.8648907103825,438.031666666667
"227","CED",1957,3.19339726027397,13.8433561643836,501.54
"228","CED",1958,3.88075799086758,14.0839223744292,392.025
"229","CED",1959,3.95116438356164,13.395894977169,748.521666666667
"230","CED",1960,3.65233151183971,13.6206693989071,639.618333333333
"231","CED",1961,2.54610502283105,15.4833287671233,459.403333333333
"232","CED",1962,2.10628310502283,14.3643333333333,593.135
"233","CED",1963,1.77593607305936,13.4203789954338,600.558333333333
"234","CED",1964,2.28081511839709,15.0089344262295,455.538333333333
"235","CED",1965,1.91256164383562,14.1658356164384,592.093333333333
"236","CED",1966,2.43705479452055,14.521698630137,554.03
"237","CED",1967,1.72024200913242,14.867803652968,457.19
"238","CED",1968,2.15920309653916,14.4907604735883,553.213333333333
"239","CED",1969,1.57792237442922,12.7775433789954,781.003333333333
"240","CED",1970,1.38461187214612,14.3827397260274,472.82
"241","CED",1971,1.27145662100457,12.8791735159817,767.078333333333
"242","CED",1972,1.39777322404372,12.4424544626594,716.451666666667
"243","CED",1973,1.65560730593607,14.1925342465753,462.643333333333
"244","CED",1974,1.70744292237443,13.6077351598174,583.921666666667
"245","CED",1975,1.75521917808219,13.7419360730594,633.113333333333
"246","CED",1976,1.57201275045537,13.4342349726776,562.79
"247","CED",1977,1.92149315068493,13.5805433789954,720.401666666667
"248","CED",1978,1.50746118721461,14.0959452054795,408.121666666667
"249","CED",1979,2.38074429223744,14.1367488584475,592.353333333333
"250","CED",1980,1.47995446265938,14.3235018214936,488.07
"251","CED",1981,1.99615068493151,15.1930639269406,400.185
"252","CED",1982,2.88597260273973,14.6043515981735,595.986666666667
"253","CED",1983,2.8313698630137,15.5460913242009,324.378333333333
"254","CED",1984,2.09847905282332,13.5085336976321,573.506666666667
"255","CED",1985,3.31154794520548,14.8489452054795,377.338333333333
"256","CED",1986,2.76851141552511,14.6292648401826,553.85
"257","CED",1987,3.25257077625571,15.1955662100457,528.69
"258","CED",1988,2.58765938069217,14.9149499089253,598.145
"259","CED",1989,3.52901826484018,15.2253561643836,632.681666666667
"260","CED",1990,2.89682191780822,15.2734794520548,459.05
"261","CED",1991,2.13391780821918,14.2742146118721,450.723333333333
"262","CED",1992,2.09985883424408,14.6119581056466,402.746666666667
"263","CED",1993,1.5406894977169,14.4508767123288,354.571666666667
"264","CED",1994,3.00356621004566,16.4472511415525,400.915
"265","CED",1995,2.74720091324201,15.8486073059361,339.261666666667
"266","CED",1996,2.45181693989071,14.5933151183971,583.911666666667
"267","CED",1997,3.54273059360731,15.7088630136986,545.228333333333
"268","CED",1998,2.47276712328767,15.4526438356164,473.886666666667
"269","CED",1999,2.54169406392694,15.0453470319635,458.306666666667
"270","CED",2000,2.42097905282332,15.7238752276867,465.79
"271","CED",2001,2.69436529680365,15.6098219178082,350.083333333333
"272","CED",2002,3.30054337899543,15.2387671232877,660.08
"273","CED",2003,3.51591780821918,15.4991735159817,613.328333333333
"274","CED",2004,2.52095173041894,15.2010564663024,445.853333333333
"275","CED",2005,2.396,15.5088904109589,373.181666666667
"276","CED",2006,3.89988127853881,16.2738721461187,436.871666666667
"277","CED",2007,2.81528310502283,15.3000821917808,519.21
"278","CED",2008,2.99667122040073,14.4410382513661,707.486666666667
"279","CED",2009,3.54876712328767,16.0004337899543,464.751666666667
"280","CED",2010,2.80374429223744,14.0618493150685,647.438333333333
"281","CED",2011,3.76674885844749,16.0952146118721,547.856666666667
"282","CED",2012,3.09243169398907,15.6800591985428,501.566666666667
"283","CED",2013,2.82956621004566,14.3709223744292,602.341666666667
"284","CED",2014,4.05724200913242,15.8135570776256,470.536666666667
"285","CED",2015,4.04538812785388,16.306899543379,540.01
"286","CED",2016,3.72504553734062,15.7476320582878,480.656666666667
"287","CED",2017,3.57754337899543,16.7595844748858,400.818333333333
"288","CED",2018,3.72749315068493,14.9885662100457,843.843333333333
"289","CED",2019,3.3046301369863,16.2755296803653,425.96
"290","CED",2020,4.03941256830601,16.2093761384335,739.67
"291","CED",2021,3.68352511415525,15.2938584474886,607.84
"292","CED",2022,4.93924657534247,17.1730319634703,574.653333333333
"293","COR",1950,4.77954794520548,16.2119452054795,287.82
"294","COR",1951,4.02315068493151,14.2314657534247,552.25
"295","COR",1952,4.39132513661202,15.6026639344262,369.195
"296","COR",1953,4.38427397260274,15.6848493150685,322.635
"297","COR",1954,4.0231095890411,15.3370684931507,335.315
"298","COR",1955,5.67601369863014,16.0821232876712,521.77
"299","COR",1956,3.31926229508197,14.2352732240437,389.03
"300","COR",1957,4.09247945205479,15.231698630137,441.61
"301","COR",1958,4.95808219178082,15.5099726027397,366.405
"302","COR",1959,5.06860273972603,14.823904109589,661.06
"303","COR",1960,4.78274590163934,15.0422131147541,582.445
"304","COR",1961,3.37975342465753,16.9508356164384,417.31
"305","COR",1962,2.96469863013699,15.8023150684932,515.705
"306","COR",1963,2.6882602739726,14.8341369863014,526.765
"307","COR",1964,3.0716393442623,16.4408333333333,387.36
"308","COR",1965,2.77461643835616,15.6067123287671,505.105
"309","COR",1966,3.22352054794521,15.960602739726,486.325
"310","COR",1967,2.41041095890411,16.2867260273973,371.135
"311","COR",1968,2.9247131147541,15.9628415300546,476.185
"312","COR",1969,2.30984931506849,14.2239726027397,686.25
"313","COR",1970,2.06906849315068,15.8140547945205,419.315
"314","COR",1971,2.01243835616438,14.298602739726,666.315
"315","COR",1972,2.2825956284153,13.9510519125683,600.915
"316","COR",1973,2.41476712328767,15.6248082191781,414.915
"317","COR",1974,2.55413698630137,15.0968630136986,514.625
"318","COR",1975,2.60576712328767,15.2136301369863,580.535
"319","COR",1976,2.41949453551913,14.9397540983607,496.98
"320","COR",1977,2.81154794520548,15.0378082191781,614.01
"321","COR",1978,2.37119178082192,15.5678219178082,365.195
"322","COR",1979,3.21176712328767,15.6463287671233,534.27
"323","COR",1980,2.22767759562842,15.7523360655738,433.385
"324","COR",1981,2.69867123287671,16.6694931506849,344.76
"325","COR",1982,3.73365753424657,16.0884794520548,517.9
"326","COR",1983,3.57752054794521,17.0160821917808,295.805
"327","COR",1984,2.9345218579235,14.968825136612,497.01
"328","COR",1985,4.14734246575343,16.2773287671233,330.575
"329","COR",1986,3.49020547945205,16.1079726027397,503.75
"330","COR",1987,3.99675342465753,16.6065342465753,464.445
"331","COR",1988,3.24501366120219,16.3797267759563,534.35
"332","COR",1989,4.13815068493151,16.7599589041096,560.88
"333","COR",1990,3.47378082191781,16.7826164383562,379.93
"334","COR",1991,2.7502602739726,15.7517534246575,394.68
"335","COR",1992,2.70653005464481,16.1305601092896,331.75
"336","COR",1993,2.15194520547945,15.9597808219178,297.945
"337","COR",1994,3.63176712328767,17.9746438356164,341.78
"338","COR",1995,3.41684931506849,17.4654657534247,308.915
"339","COR",1996,3.18252732240437,16.1896038251366,488.145
"340","COR",1997,4.26350684931507,17.2375616438356,505.06
"341","COR",1998,3.0902602739726,16.9605068493151,395.14
"342","COR",1999,3.17447945205479,16.5445479452055,421.245
"343","COR",2000,2.95780054644809,17.2356830601093,401.01
"344","COR",2001,3.28009589041096,17.1121780821918,278.33
"345","COR",2002,3.93254794520548,16.7820684931507,597.765
"346","COR",2003,4.08520547945206,17.021602739726,548.53
"347","COR",2004,3.20357923497268,16.7431284153005,382.265
"348","COR",2005,3.00654794520548,17.1189589041096,310.465
"349","COR",2006,4.40743835616438,17.7021917808219,369.255
"350","COR",2007,3.35857534246575,16.7479452054795,463.295
"351","COR",2008,3.59920765027322,16.1446584699454,579.155
"352","COR",2009,4.07182191780822,17.7036301369863,362.425
"353","COR",2010,3.47652054794521,15.7092602739726,591.455
"354","COR",2011,4.38479452054795,17.9278630136986,434.15
"355","COR",2012,3.61534153005464,17.4995081967213,408.135
"356","COR",2013,3.44630136986301,16.1910684931507,458.925
"357","COR",2014,4.78435616438356,17.7666164383562,383.27
"358","COR",2015,4.58591780821918,18.1501369863014,451.685
"359","COR",2016,4.40747267759563,17.6175546448087,412
"360","COR",2017,4.14702739726027,18.6967808219178,307.565
"361","COR",2018,4.40395890410959,16.8474520547945,674.945
"362","COR",2019,3.91519178082192,18.090904109589,355.3
"363","COR",2020,4.60596994535519,18.1342349726776,565.005
"364","COR",2021,4.30671232876712,17.1791917808219,533.295
"365","COR",2022,5.40197260273973,19.1065616438356,426.59
"366","FAG",1950,4.91753424657534,15.1786301369863,848.536
"367","FAG",1951,4.14678356164384,13.6302684931507,1009.232
"368","FAG",1952,5.02068852459016,14.6986229508197,877.698
"369","FAG",1953,4.21902465753425,15.1958794520548,598.374
"370","FAG",1954,3.60712328767123,14.1156493150685,786.07
"371","FAG",1955,5.00757808219178,15.4367342465753,690.97
"372","FAG",1956,3.13808196721311,13.3739945355191,665.99
"373","FAG",1957,4.14164931506849,14.7356493150685,642.776
"374","FAG",1958,3.52665205479452,15.1036493150685,780.362
"375","FAG",1959,3.32887123287671,15.0929315068493,1081.14
"376","FAG",1960,2.70831147540984,14.7244098360656,1133.904
"377","FAG",1961,2.89336438356164,16.7334136986301,984.638
"378","FAG",1962,2.42073424657534,15.8040547945205,786.76
"379","FAG",1963,1.47958356164384,14.6453369863014,1024.434
"380","FAG",1964,2.39257923497268,16.1342404371585,782.096
"381","FAG",1965,2.39687671232877,15.0002465753425,967.986
"382","FAG",1966,3.63505205479452,15.2989808219178,1098.108
"383","FAG",1967,3.17948493150685,15.8037205479452,773.958
"384","FAG",1968,3.75766666666667,15.2918579234973,908.454
"385","FAG",1969,3.65715068493151,14.1360109589041,1020.588
"386","FAG",1970,3.41521095890411,15.444498630137,718.848
"387","FAG",1971,3.26923287671233,14.6683726027397,995.91
"388","FAG",1972,2.59092349726776,13.9218579234973,1079.108
"389","FAG",1973,3.19706301369863,15.3676821917808,739.944
"390","FAG",1974,2.93579726027397,14.6662684931507,902.77
"391","FAG",1975,2.89707945205479,15.0741534246575,833.002
"392","FAG",1976,2.61081967213115,15.2462950819672,904.258
"393","FAG",1977,2.79224657534247,14.8637698630137,958.794
"394","FAG",1978,1.93598904109589,15.1284657534247,924.686
"395","FAG",1979,3.52444383561644,14.5106575342466,1106.254
"396","FAG",1980,2.87956284153005,15.2790819672131,850.506
"397","FAG",1981,3.90381369863014,16.1949863013699,871.376
"398","FAG",1982,4.46168767123288,15.6950794520548,973.582
"399","FAG",1983,4.45510136986301,16.2938410958904,667.344
"400","FAG",1984,3.46146994535519,14.6033715846995,986.52
"401","FAG",1985,3.81249863013699,15.8979287671233,701.45
"402","FAG",1986,4.18921095890411,15.2575068493151,833.564
"403","FAG",1987,4.72924383561644,15.6912602739726,799.484
"404","FAG",1988,4.63425136612022,15.6139781420765,892.904
"405","FAG",1989,5.53052602739726,16.6812109589041,722.896
"406","FAG",1990,4.96879452054795,16.5149917808219,814.266
"407","FAG",1991,4.40510684931507,15.1749589041096,729.978
"408","FAG",1992,4.35022404371585,15.1410054644809,951.318
"409","FAG",1993,3.80031780821918,15.2336876712329,863.206
"410","FAG",1994,5.07900273972603,16.5186136986301,835.05
"411","FAG",1995,5.18910136986301,16.4208054794521,773.56
"412","FAG",1996,4.96687431693989,14.7385901639344,1009.78
"413","FAG",1997,6.20882191780822,16.1685753424658,939.908
"414","FAG",1998,5.20397808219178,15.2135452054795,830.002
"415","FAG",1999,5.22106301369863,14.5445369863014,951.65
"416","FAG",2000,5.26106010928962,15.4460054644809,1041.41
"417","FAG",2001,5.30092602739726,15.2654739726027,774.53
"418","FAG",2002,5.89575342465753,14.7404109589041,1315.076
"419","FAG",2003,6.30458630136986,15.3817424657534,1080.096
"420","FAG",2004,4.85868306010929,15.1843551912568,808.33
"421","FAG",2005,4.97298630136986,14.4275671232877,940.41
"422","FAG",2006,6.16454246575342,15.7606794520548,936.408
"423","FAG",2007,4.94826849315068,14.9512438356164,1103.83
"424","FAG",2008,5.01643169398907,14.2848087431694,1395.11
"425","FAG",2009,5.65885479452055,15.210701369863,1281.394
"426","FAG",2010,4.73790684931507,13.6499506849315,1139.346
"427","FAG",2011,6.36409863013699,15.9310684931507,1143.646
"428","FAG",2012,5.57517486338798,15.368131147541,1176.298
"429","FAG",2013,5.25287671232877,14.0924054794521,1620.048
"430","FAG",2014,6.23992876712329,15.3527616438356,1528.244
"431","FAG",2015,6.10724931506849,15.9020219178082,1287.168
"432","FAG",2016,5.72454644808743,15.1005191256831,1175.49
"433","FAG",2017,5.69612054794521,15.8577643835616,1223.556
"434","FAG",2018,6.0170904109589,14.9384164383562,1514.914
"435","FAG",2019,5.60518356164384,15.7125589041096,1404.702
"436","FAG",2020,6.14574316939891,16.125087431694,1180.2
"437","FAG",2021,5.48922191780822,15.6945698630137,721.442
"438","FAG",2022,6.89229589041096,17.9600821917808,528.788
"439","GUA",1950,5.27151738672287,15.4388282402529,424.041538461538
"440","GUA",1951,4.57763119072708,13.2278166491043,873.751538461539
"441","GUA",1952,4.86795292139554,13.9961958806221,709.193846153846
"442","GUA",1953,4.80953846153846,14.984478398314,528.241538461538
"443","GUA",1954,4.99757218124341,14.1428050579557,482.25
"444","GUA",1955,6.22151738672287,14.9773909378293,761.666923076923
"445","GUA",1956,3.66208701134931,12.7729928541404,626.37
"446","GUA",1957,4.60691253951528,13.9973277133825,539.835384615385
"447","GUA",1958,5.02523076923077,13.7703076923077,623.575384615385
"448","GUA",1959,5.36422760800843,13.4008872497366,789.322307692308
"449","GUA",1960,5.20029424127785,13.5652606137032,816.249230769231
"450","GUA",1961,6.33782086406744,15.2904109589041,597.613076923077
"451","GUA",1962,5.35811801896733,14.1369251844046,635.144615384615
"452","GUA",1963,4.81593888303477,13.3034646996839,835.210769230769
"453","GUA",1964,5.73915931063472,14.4979823455233,544.808461538462
"454","GUA",1965,5.22014330874605,13.6527334035827,718.291538461538
"455","GUA",1966,5.4009062170706,13.9551654373024,855.788461538462
"456","GUA",1967,5.41297787144362,13.9011759747102,535.137692307692
"457","GUA",1968,5.68206179066835,13.9237662883565,530.250769230769
"458","GUA",1969,4.7669167544784,12.5292792413066,792.07
"459","GUA",1970,5.12002318229715,13.974387776607,522.150769230769
"460","GUA",1971,4.74532771338251,12.4741348788198,698.987692307692
"461","GUA",1972,4.41018915510719,11.7494850777638,958.21
"462","GUA",1973,4.86298630136986,13.4921264488936,611.203846153846
"463","GUA",1974,4.83141833508957,13.0258672286617,517.597692307692
"464","GUA",1975,4.96988619599579,12.8586048472076,640.55
"465","GUA",1976,5.22474358974359,13.0229129886507,851.681538461538
"466","GUA",1977,5.39571970495258,12.7949715489989,799.696153846154
"467","GUA",1978,5.54147945205479,13.2800737618546,772.128461538462
"468","GUA",1979,5.79071022128556,13.2889420442571,746.593846153846
"469","GUA",1980,5.20824085750315,13.4586044556536,581.803076923077
"470","GUA",1981,5.69988408851423,14.4429968387777,594.79
"471","GUA",1982,5.64264278187566,14.255258166491,581.843846153846
"472","GUA",1983,5.41868493150685,14.7623603793467,475.450769230769
"473","GUA",1984,4.28182009247583,13.2720386717108,701.086153846154
"474","GUA",1985,5.46992623814542,14.9520779768177,434.176153846154
"475","GUA",1986,5.07693993677555,14.3413129610116,550.453846153846
"476","GUA",1987,6.04449104320337,14.8920779768177,763.696153846154
"477","GUA",1988,5.40390500210172,14.5515468684321,615.95
"478","GUA",1989,6.38453740779768,15.381822971549,845.33
"479","GUA",1990,6.0138904109589,15.2800969441517,467.576153846154
"480","GUA",1991,5.1626195995785,14.381875658588,477.562307692308
"481","GUA",1992,5.29000420344683,14.6429361076082,528.759230769231
"482","GUA",1993,4.49102212855638,13.6324889357218,591.503076923077
"483","GUA",1994,5.63294625922023,15.3761475237092,466.898461538462
"484","GUA",1995,6.18274183350896,15.7189420442571,552.630769230769
"485","GUA",1996,5.43118327028163,14.0749369482976,963.418461538462
"486","GUA",1997,6.69355532139094,15.5517133825079,929.132307692308
"487","GUA",1998,6.23464699683878,15.157856691254,611.7
"488","GUA",1999,5.69618545837724,14.8287713382508,541.305384615385
"489","GUA",2000,5.9560992013451,15.0899810844893,729.184615384615
"490","GUA",2001,6.0629272918862,15.0175637513172,598.446153846154
"491","GUA",2002,6.16350895679663,14.9647460484721,786.123846153846
"492","GUA",2003,6.50310010537408,15.5407502634352,773.937692307692
"493","GUA",2004,5.82405002101723,14.9477847835225,634.635384615385
"494","GUA",2005,5.71777239199157,15.3817471022129,540.095384615385
"495","GUA",2006,6.80705374077977,15.9121896733404,763.809230769231
"496","GUA",2007,5.4128956796628,15.0250263435195,601.602307692308
"497","GUA",2008,5.6220386717108,14.6505044136192,793.376923076923
"498","GUA",2009,6.4624741833509,16.1624341412013,485.873076923077
"499","GUA",2010,5.65848261327713,14.5892328767123,712.530769230769
"500","GUA",2011,6.81845943097998,16.3693719704953,635.753076923077
"501","GUA",2012,5.85415510718789,15.3041256830601,507.356153846154
"502","GUA",2013,5.55028451001054,14.5883835616438,651.706923076923
"503","GUA",2014,6.70285353003161,15.4812413066386,790.947692307692
"504","GUA",2015,7.09060063224447,16.53108113804,483.707692307692
"505","GUA",2016,6.6295376208491,15.6149264396805,797.721538461538
"506","GUA",2017,7.09522866174921,17.0319894625922,497.16
"507","GUA",2018,6.37808429926238,15.117626975764,888.588461538462
"508","GUA",2019,6.70924130663857,16.4874963119073,522.193076923077
"509","GUA",2020,7.19073770491803,16.2047351828499,717.405384615385
"510","GUA",2021,6.60789462592202,15.6272750263435,629.270769230769
"511","GUA",2022,8.01710853530032,16.9720484720759,681.104615384615
"512","NAV",1950,8.51277708592777,20.7388642590286,241.1
"513","NAV",1951,8.17756662515567,18.6064483188045,517.545454545455
"514","NAV",1952,8.25123199205166,19.2708867362146,366.229090909091
"515","NAV",1953,7.57999750933998,20.2413524283935,265.717272727273
"516","NAV",1954,8.11730261519303,19.5038430884184,213.782727272727
"517","NAV",1955,9.57846077210461,20.0462141967621,460.464545454545
"518","NAV",1956,7.10612767014406,17.861957277695,393.350909090909
"519","NAV",1957,7.90360398505604,18.858597758406,316.65
"520","NAV",1958,8.5246799501868,19.2969713574097,361.154545454545
"521","NAV",1959,8.73290909090909,18.8053250311333,458.135454545455
"522","NAV",1960,8.82160208643815,18.7911251862891,473.924545454545
"523","NAV",1961,9.33635367372354,20.5133848069738,321.372727272727
"524","NAV",1962,8.63782565379826,19.3705230386052,383.679090909091
"525","NAV",1963,8.46169115815691,18.6201195516812,488.011818181818
"526","NAV",1964,8.95165424739195,19.6908320914059,284.293636363636
"527","NAV",1965,8.62436363636364,19.0527123287671,332.339090909091
"528","NAV",1966,8.63454296388543,19.3149788293898,425.659090909091
"529","NAV",1967,8.26876463262765,19.1675740971357,310.378181818182
"530","NAV",1968,8.7341654247392,19.326693989071,281.760909090909
"531","NAV",1969,7.97239850560399,17.9134271481943,439.843636363636
"532","NAV",1970,8.25393773349938,19.3473424657534,247.554545454545
"533","NAV",1971,7.86888667496887,17.9320273972603,370.020909090909
"534","NAV",1972,7.95990312965723,17.4754048683557,490.875454545455
"535","NAV",1973,7.6638605230386,19.0055740971357,310.293636363636
"536","NAV",1974,7.83842092154421,18.6525678704857,298.182727272727
"537","NAV",1975,8.0921195516812,18.473402241594,358.003636363636
"538","NAV",1976,8.19147292598112,18.5221510183805,432.227272727273
"539","NAV",1977,8.55834869240349,18.2407945205479,441.526363636364
"540","NAV",1978,8.52550186799502,18.8188144458281,434.944545454545
"541","NAV",1979,8.88129265255293,18.8721818181818,395.475454545455
"542","NAV",1980,8.10626428216592,18.9933979135619,296.782727272727
"543","NAV",1981,8.66224159402242,19.9448767123288,342.118181818182
"544","NAV",1982,8.83747198007472,19.7714769613948,334.15
"545","NAV",1983,8.09383561643836,20.0142241594022,269.671818181818
"546","NAV",1984,7.22114754098361,18.7654123199205,373.455454545455
"547","NAV",1985,8.05015940224159,20.3732602739726,272.171818181818
"548","NAV",1986,7.88286176836862,19.8041544209215,316.800909090909
"549","NAV",1987,8.81885927770859,20.166899128269,457.840909090909
"550","NAV",1988,8.08455290611028,19.653479880775,367.534545454545
"551","NAV",1989,9.33585056039851,20.8578381070984,492.724545454545
"552","NAV",1990,8.91962391033624,20.515698630137,273.172727272727
"553","NAV",1991,8.06911332503113,19.8655118306351,274.084545454545
"554","NAV",1992,7.86725285643318,20.0172280178838,311.565454545455
"555","NAV",1993,7.34769613947696,18.9209688667497,342.448181818182
"556","NAV",1994,8.42270485678705,20.7751382316314,271.856363636364
"557","NAV",1995,9.42113823163138,21.2676139476961,290.595454545455
"558","NAV",1996,8.60455538996523,19.695695479384,480.465454545455
"559","NAV",1997,9.73287173100872,20.8282316313823,575.182727272727
"560","NAV",1998,8.95012204234122,20.429504358655,375.54
"561","NAV",1999,8.75750435865504,20.2902864259029,316.469090909091
"562","NAV",2000,8.80051167411823,20.4515474416294,407.344545454545
"563","NAV",2001,9.1907397260274,20.3818630136986,345.893636363636
"564","NAV",2002,9.36315815691158,20.41599501868,415.989090909091
"565","NAV",2003,9.66011706102117,21.0000946450809,416.551818181818
"566","NAV",2004,8.84562344759066,20.3507302533532,378.14
"567","NAV",2005,8.67684184308842,20.8476911581569,262.760909090909
"568","NAV",2006,9.90475716064757,21.1898854296389,374.000909090909
"569","NAV",2007,8.44315068493151,20.1631382316314,378.192727272727
"570","NAV",2008,8.7383432687531,20.0312195727769,444.71
"571","NAV",2009,9.56586550435865,21.4010186799502,259.685454545455
"572","NAV",2010,9.04436114570361,19.9507422166874,458.744545454545
"573","NAV",2011,9.78374097135741,21.614099626401,309.708181818182
"574","NAV",2012,8.85885245901639,20.6830526577248,284.97
"575","NAV",2013,8.51450560398506,20.0161444582814,340.867272727273
"576","NAV",2014,9.90103611457036,21.0151257783313,373.278181818182
"577","NAV",2015,9.92651058530511,21.8340747198007,239.824545454545
"578","NAV",2016,9.7479433681073,21.0793169398907,418.435454545455
"579","NAV",2017,9.93146450809465,22.438303860523,252.737272727273
"580","NAV",2018,9.46707347447073,20.5862565379826,470.748181818182
"581","NAV",2019,9.69557409713574,21.8480323785803,259.731818181818
"582","NAV",2020,10.1265375062096,21.5949478390462,357.897272727273
"583","NAV",2021,9.66689165628892,21.1151257783313,360.255454545455
"584","NAV",2022,10.8775541718555,22.4496089663761,378.470909090909
"585","OZA",1950,3.79928767123288,13.343095890411,765.09
"586","OZA",1951,3.23131506849315,11.5635616438356,991.42
"587","OZA",1952,4.15715846994536,12.9582513661202,840.3
"588","OZA",1953,3.73860273972603,13.5012328767123,554.43
"589","OZA",1954,2.93753424657534,12.3072876712329,758.78
"590","OZA",1955,4.25849315068493,13.525698630137,706.04
"591","OZA",1956,2.30300546448087,11.4682786885246,696.05
"592","OZA",1957,3.45095890410959,12.9143561643836,688.78
"593","OZA",1958,2.53887671232877,13.0255342465753,780.69
"594","OZA",1959,2.47657534246575,13.1052328767123,1054.34
"595","OZA",1960,1.74114754098361,12.7347540983607,1084.48
"596","OZA",1961,1.96161643835616,14.9421643835616,949.54
"597","OZA",1962,1.31098630136986,13.8833150684932,831.47
"598","OZA",1963,0.542356164383562,12.6933424657534,1048.87
"599","OZA",1964,1.56158469945355,14.4474590163934,829.72
"600","OZA",1965,1.46197260273973,13.0946301369863,995.27
"601","OZA",1966,2.78353424657534,13.3601643835616,1201.4
"602","OZA",1967,2.34142465753425,13.9878356164384,821.23
"603","OZA",1968,2.72469945355191,13.4495081967213,945.91
"604","OZA",1969,2.62032876712329,12.1478356164384,1162.79
"605","OZA",1970,2.32065753424658,13.6373698630137,806.49
"606","OZA",1971,2.15991780821918,12.7286301369863,1082.68
"607","OZA",1972,1.50647540983607,11.8399180327869,1110.98
"608","OZA",1973,2.21649315068493,13.5618630136986,800.46
"609","OZA",1974,1.95471232876712,12.678602739726,974.96
"610","OZA",1975,1.89619178082192,13.1681917808219,845.25
"611","OZA",1976,1.69215846994536,13.3128142076503,991.21
"612","OZA",1977,1.77687671232877,12.8529315068493,1060.59
"613","OZA",1978,0.908958904109589,13.1925753424658,1033.24
"614","OZA",1979,2.56958904109589,12.5447397260274,1199.93
"615","OZA",1980,1.89295081967213,13.4610109289617,902.73
"616","OZA",1981,2.77698630136986,14.2404931506849,965.76
"617","OZA",1982,3.36276712328767,13.6656712328767,1060.92
"618","OZA",1983,3.50649315068493,14.5021917808219,711.36
"619","OZA",1984,2.36939890710383,12.5624316939891,1066.14
"620","OZA",1985,2.94282191780822,13.9636164383562,781.85
"621","OZA",1986,3.29024657534247,13.2791506849315,903.76
"622","OZA",1987,3.78879452054795,13.9225753424658,920.29
"623","OZA",1988,3.71265027322404,13.6930054644809,1014.26
"624","OZA",1989,4.92986301369863,14.8413150684932,787.6
"625","OZA",1990,4.28528767123288,14.6441369863014,870.09
"626","OZA",1991,3.61224657534247,13.2772328767123,840.19
"627","OZA",1992,3.54103825136612,13.3947540983607,1049.8
"628","OZA",1993,3.05786301369863,13.3911506849315,947.13
"629","OZA",1994,4.30668493150685,14.6882465753425,931.4
"630","OZA",1995,4.39076712328767,14.2560821917808,958.31
"631","OZA",1996,4.18901639344262,12.7713661202186,1115.33
"632","OZA",1997,5.5921095890411,14.2988493150685,1019.25
"633","OZA",1998,4.52232876712329,13.3822465753425,993.86
"634","OZA",1999,4.41457534246575,12.7372602739726,1088.33
"635","OZA",2000,4.58412568306011,13.5648633879781,1143.5
"636","OZA",2001,4.61364383561644,13.2188493150685,966.78
"637","OZA",2002,5.36123287671233,12.2241917808219,1563.45
"638","OZA",2003,5.73131506849315,12.9836438356164,1212.7
"639","OZA",2004,3.98696721311475,13.1839890710383,902.48
"640","OZA",2005,4.78032876712329,12.1771780821918,1061.73
"641","OZA",2006,6.17830136986301,13.799095890411,1030.81
"642","OZA",2007,4.79893150684932,12.8824931506849,1178.74
"643","OZA",2008,4.70699453551913,11.8972131147541,1455.93
"644","OZA",2009,5.29947945205479,12.7898904109589,1325.48
"645","OZA",2010,4.02106849315069,11.0134520547945,1201.47
"646","OZA",2011,6.02104109589041,13.4119178082192,1210.02
"647","OZA",2012,5.16696721311475,12.8083606557377,1237.24
"648","OZA",2013,4.55265753424657,11.2785753424658,1735.11
"649","OZA",2014,5.55345205479452,12.5015068493151,1565.19
"650","OZA",2015,5.70413698630137,13.5885479452055,1333.91
"651","OZA",2016,5.36699453551913,12.5463387978142,1237.97
"652","OZA",2017,5.36594520547945,13.4094246575342,1245.41
"653","OZA",2018,5.34687671232877,12.367698630137,1535.52
"654","OZA",2019,5.4067397260274,13.0571232876712,1424.52
"655","OZA",2020,6.09163934426229,13.6012568306011,1224.94
"656","OZA",2021,4.77890410958904,13.4975342465753,755.2
"657","OZA",2022,6.32893150684932,15.6478630136986,625.45
"658","PEL",1950,8.0307397260274,20.0537808219178,250.08
"659","PEL",1951,7.6698904109589,17.9644931506849,528.77
"660","PEL",1952,7.73420765027322,18.5907103825137,397.1
"661","PEL",1953,7.13901369863014,19.5655616438356,273.17
"662","PEL",1954,7.60112328767123,18.8776438356164,221.32
"663","PEL",1955,9.07983561643836,19.3602465753425,492.37
"664","PEL",1956,6.64153005464481,17.1604918032787,407.49
"665","PEL",1957,7.44547945205479,18.1507123287671,329.93
"666","PEL",1958,8.03797260273973,18.6658904109589,379.99
"667","PEL",1959,8.24868493150685,18.1667671232877,469.41
"668","PEL",1960,8.30213114754098,18.1463387978142,495.52
"669","PEL",1961,8.77706849315068,19.8201369863014,339.01
"670","PEL",1962,8.1132602739726,18.7155068493151,405.11
"671","PEL",1963,7.94575342465753,17.9505479452055,508.26
"672","PEL",1964,8.3557650273224,19.0345628415301,292.58
"673","PEL",1965,8.09490410958904,18.4084383561644,344.51
"674","PEL",1966,8.10605479452055,18.6726849315069,436.5
"675","PEL",1967,7.69147945205479,18.5224109589041,326.44
"676","PEL",1968,8.15306010928962,18.6662568306011,293.77
"677","PEL",1969,7.43224657534247,17.2458356164384,459.47
"678","PEL",1970,7.68660273972603,18.6878630136986,250.53
"679","PEL",1971,7.28128767123288,17.2727671232877,389.54
"680","PEL",1972,7.4201912568306,16.8304644808743,497.48
"681","PEL",1973,7.07671232876712,18.348,323.83
"682","PEL",1974,7.26972602739726,18.0278630136986,321.57
"683","PEL",1975,7.50630136986301,17.8257534246575,374.82
"684","PEL",1976,7.6072131147541,17.8972131147541,448.66
"685","PEL",1977,7.99835616438356,17.585397260274,473.76
"686","PEL",1978,7.94104109589041,18.1907123287671,467.41
"687","PEL",1979,8.2986301369863,18.2412876712329,418.97
"688","PEL",1980,7.50639344262295,18.3908196721311,310.46
"689","PEL",1981,8.07591780821918,19.3666575342466,360.77
"690","PEL",1982,8.23531506849315,19.1811780821918,351.56
"691","PEL",1983,7.44531506849315,19.3849315068493,285.87
"692","PEL",1984,6.58945355191257,18.1624863387978,393.75
"693","PEL",1985,7.3261095890411,19.7678356164384,291.88
"694","PEL",1986,7.20169863013699,19.2139726027397,329.09
"695","PEL",1987,8.14854794520548,19.5527945205479,477.42
"696","PEL",1988,7.41054644808743,19.0060928961749,401.11
"697","PEL",1989,8.68545205479452,20.2598356164384,506.86
"698","PEL",1990,8.2701095890411,19.9147671232877,287.49
"699","PEL",1991,7.41665753424658,19.2826849315069,288.79
"700","PEL",1992,7.1529781420765,19.3962568306011,324.2
"701","PEL",1993,6.67504109589041,18.2772328767123,371.36
"702","PEL",1994,7.76994520547945,20.1911232876712,283.47
"703","PEL",1995,8.8286301369863,20.7131780821918,298.05
"704","PEL",1996,7.98292349726776,19.0933333333333,495.18
"705","PEL",1997,9.07761643835616,20.2065205479452,611.06
"706","PEL",1998,8.24046575342466,19.8127123287671,393.98
"707","PEL",1999,8.12312328767123,19.7034794520548,331.17
"708","PEL",2000,8.10232240437158,19.8415846994536,418.81
"709","PEL",2001,8.57372602739726,19.7746301369863,360.84
"710","PEL",2002,8.7387397260274,19.8373424657534,431.31
"711","PEL",2003,9.028,20.4199452054795,435.24
"712","PEL",2004,8.1820218579235,19.766174863388,395.34
"713","PEL",2005,8.00279452054795,20.2793424657534,267.36
"714","PEL",2006,9.26608219178082,20.6058630136986,395.83
"715","PEL",2007,7.77967123287671,19.5786575342466,400.82
"716","PEL",2008,8.10027322404372,19.4412021857923,464.5
"717","PEL",2009,8.95279452054795,20.7873150684932,275.06
"718","PEL",2010,8.44947945205479,19.3570684931507,492.53
"719","PEL",2011,9.11917808219178,21.021397260274,324.24
"720","PEL",2012,8.19978142076503,20.1061475409836,304.73
"721","PEL",2013,7.89786301369863,19.4255890410959,356.91
"722","PEL",2014,9.27841095890411,20.4381917808219,395.6
"723","PEL",2015,9.24172602739726,21.251095890411,246.84
"724","PEL",2016,9.1175956284153,20.4909289617486,435.59
"725","PEL",2017,9.2447397260274,21.8696164383562,268.96
"726","PEL",2018,8.82890410958904,19.9995890410959,487.62
"727","PEL",2019,9.05421917808219,21.279397260274,275.91
"728","PEL",2020,9.47355191256831,21.0152732240437,369.8
"729","PEL",2021,9.02468493150685,20.5277534246575,379.19
"730","PEL",2022,10.1950410958904,21.8725479452055,391.22
"731","RON",1950,5.89713698630137,15.848904109589,846.825
"732","RON",1951,5.20779452054795,14.304904109589,1010.71
"733","RON",1952,6.02754098360656,15.3892486338798,878.495
"734","RON",1953,5.23883561643836,15.9181917808219,578.4
"735","RON",1954,4.63923287671233,14.837602739726,769.245
"736","RON",1955,6.01608219178082,16.1902465753425,673.105
"737","RON",1956,4.1344262295082,14.0957513661202,668.32
"738","RON",1957,5.17428767123288,15.4879315068493,636.3
"739","RON",1958,4.56746575342466,15.7663698630137,781.6
"740","RON",1959,4.43675342465753,15.825698630137,1074.61
"741","RON",1960,3.78998633879781,15.4172131147541,1110.615
"742","RON",1961,4.01038356164384,17.4356301369863,976.185
"743","RON",1962,3.4622602739726,16.4825753424658,788.16
"744","RON",1963,2.56482191780822,15.2824931506849,1001.195
"745","RON",1964,3.47584699453552,16.7871038251366,771.405
"746","RON",1965,3.44571232876712,15.5931506849315,950.18
"747","RON",1966,4.66583561643836,15.9158904109589,1112.615
"748","RON",1967,4.20698630136986,16.4055890410959,787.31
"749","RON",1968,4.80090163934426,15.9227322404372,912.72
"750","RON",1969,4.72679452054795,14.7681506849315,1000.845
"751","RON",1970,4.47649315068493,16.0634931506849,715.725
"752","RON",1971,4.34779452054794,15.3075616438356,973.735
"753","RON",1972,3.66226775956284,14.536325136612,1073.23
"754","RON",1973,4.31002739726027,15.9830273972603,755.91
"755","RON",1974,4.06875342465753,15.2649589041096,897.85
"756","RON",1975,4.01593150684931,15.7024657534247,828.09
"757","RON",1976,3.77177595628415,15.8891530054645,911.78
"758","RON",1977,3.94020547945205,15.4666164383562,947.72
"759","RON",1978,3.10956164383562,15.7248219178082,928.05
"760","RON",1979,4.60352054794521,15.1359863013699,1103.205
"761","RON",1980,3.96773224043716,15.873606557377,848.605
"762","RON",1981,4.93808219178082,16.778,870.525
"763","RON",1982,5.50584931506849,16.3314246575342,959.53
"764","RON",1983,5.52634246575342,16.9366301369863,670.005
"765","RON",1984,4.52226775956284,15.2017759562842,985.615
"766","RON",1985,4.88371232876712,16.4881643835616,705.875
"767","RON",1986,5.21350684931507,15.8331232876712,832.08
"768","RON",1987,5.76978082191781,16.2943835616438,813.09
"769","RON",1988,5.68905737704918,16.1985655737705,897.365
"770","RON",1989,6.5912602739726,17.3185068493151,711.035
"771","RON",1990,6.05709589041096,17.1318904109589,797.91
"772","RON",1991,5.47895890410959,15.7834794520548,725.74
"773","RON",1992,5.44474043715847,15.7705601092896,950.285
"774","RON",1993,4.92702739726027,15.8644383561644,852.76
"775","RON",1994,6.17423287671233,17.1138630136986,827.195
"776","RON",1995,6.20658904109589,17.0161917808219,776.365
"777","RON",1996,5.99120218579235,15.3679371584699,1007.655
"778","RON",1997,7.25553424657534,16.8911917808219,926.195
"779","RON",1998,6.23357534246575,15.8838767123288,853.615
"780","RON",1999,6.29045205479452,15.2252602739726,959.17
"781","RON",2000,6.29801912568306,16.1388797814208,1037.39
"782","RON",2001,6.38131506849315,15.8947945205479,804.12
"783","RON",2002,7.00567123287671,15.2309589041096,1364.855
"784","RON",2003,7.40620547945205,15.9168767123288,1086.06
"785","RON",2004,5.87644808743169,15.8437295081967,837.1
"786","RON",2005,6.1281095890411,14.9051095890411,1005.985
"787","RON",2006,7.3452602739726,16.3147808219178,935.5
"788","RON",2007,6.0431095890411,15.4874246575342,1138.745
"789","RON",2008,6.10782786885246,14.7564617486339,1424.23
"790","RON",2009,6.76243835616438,15.644,1321.485
"791","RON",2010,5.80178082191781,14.0359452054795,1176.6
"792","RON",2011,7.55939726027397,16.4350547945205,1182.37
"793","RON",2012,6.7348087431694,15.8113114754098,1214.475
"794","RON",2013,6.36239726027397,14.4599863013699,1682.46
"795","RON",2014,7.34323287671233,15.6950273972603,1571.005
"796","RON",2015,7.23684931506849,16.4081232876712,1330.65
"797","RON",2016,6.88909836065574,15.526174863388,1178.145
"798","RON",2017,6.87935616438356,16.3591232876712,1256.015
"799","RON",2018,7.13668493150685,15.4019452054795,1537.725
"800","RON",2019,6.81617808219178,16.182095890411,1443.8
"801","RON",2020,7.35001366120219,16.6766393442623,1202.115
"802","RON",2021,6.52383561643836,16.3613424657534,732.895
"803","RON",2022,7.9302602739726,18.6207945205479,533.255
"804","SAR",1950,5.9341095890411,15.7806575342466,901.9
"805","SAR",1951,5.26117808219178,14.297397260274,1036.05
"806","SAR",1952,6.01502732240437,15.3075136612022,898.06
"807","SAR",1953,5.18241095890411,15.8935068493151,592.07
"808","SAR",1954,4.61008219178082,14.8679178082192,772.08
"809","SAR",1955,5.99331506849315,16.2458082191781,702.29
"810","SAR",1956,4.09322404371585,14.1369672131148,667.4
"811","SAR",1957,5.14134246575343,15.4940821917808,643.41
"812","SAR",1958,4.72454794520548,15.7376438356164,803.83
"813","SAR",1959,4.68169863013699,15.8302465753425,1082.48
"814","SAR",1960,4.01606557377049,15.3797540983607,1103.56
"815","SAR",1961,4.29575342465753,17.3404931506849,1007.6
"816","SAR",1962,3.67961643835616,16.4024931506849,779.03
"817","SAR",1963,2.79572602739726,15.1271780821918,1018.26
"818","SAR",1964,3.6679781420765,16.5720765027322,763.84
"819","SAR",1965,3.58602739726027,15.3861917808219,977.07
"820","SAR",1966,4.69167123287671,15.7426575342466,1112.94
"821","SAR",1967,4.25005479452055,16.1658356164384,840.93
"822","SAR",1968,4.90562841530055,15.7249453551913,944.52
"823","SAR",1969,4.86594520547945,14.5891780821918,1010.39
"824","SAR",1970,4.62441095890411,15.8428493150685,725.46
"825","SAR",1971,4.52808219178082,15.1306575342466,977.58
"826","SAR",1972,3.87158469945355,14.3362295081967,1078.67
"827","SAR",1973,4.53824657534247,15.7438630136986,756.2
"828","SAR",1974,4.30405479452055,15.0591506849315,916.67
"829","SAR",1975,4.28106849315069,15.4934520547945,871.4
"830","SAR",1976,4.10144808743169,15.6820218579235,919.05
"831","SAR",1977,4.23279452054795,15.2598356164384,920.67
"832","SAR",1978,3.4987397260274,15.5025479452055,920.62
"833","SAR",1979,4.74772602739726,14.9692054794521,1124.74
"834","SAR",1980,4.14393442622951,15.5995355191257,870.27
"835","SAR",1981,5.05350684931507,16.5789589041096,877.74
"836","SAR",1982,5.61501369863014,16.1811780821918,958.58
"837","SAR",1983,5.60591780821918,16.7424109589041,691.62
"838","SAR",1984,4.63196721311475,14.9986338797814,1019.18
"839","SAR",1985,4.94123287671233,16.2934794520548,704.57
"840","SAR",1986,5.24772602739726,15.6473424657534,832.96
"841","SAR",1987,5.8007397260274,16.093698630137,798.77
"842","SAR",1988,5.72245901639344,15.9773770491803,902.24
"843","SAR",1989,6.57860273972603,17.1386301369863,700.86
"844","SAR",1990,6.06117808219178,16.9572054794521,791.16
"845","SAR",1991,5.54334246575342,15.6226849315068,738.36
"846","SAR",1992,5.53445355191257,15.6043715846995,948.97
"847","SAR",1993,5.05241095890411,15.7049863013699,872.79
"848","SAR",1994,6.24331506849315,16.9462465753425,809.01
"849","SAR",1995,6.18339726027397,16.9082465753425,758.52
"850","SAR",1996,5.93937158469945,15.2717213114754,1012.36
"851","SAR",1997,7.17704109589041,16.8738082191781,971.44
"852","SAR",1998,6.17413698630137,15.8138356164384,856.04
"853","SAR",1999,6.29372602739726,15.1403561643836,941.38
"854","SAR",2000,6.28439890710383,16.1301912568306,1037.06
"855","SAR",2001,6.36597260273973,15.8926849315068,804.21
"856","SAR",2002,6.93569863013699,15.2335890410959,1337.42
"857","SAR",2003,7.39098630136986,15.9295890410959,1082.46
"858","SAR",2004,5.87213114754098,15.81,846.29
"859","SAR",2005,6.08309589041096,14.8805205479452,1042.94
"860","SAR",2006,7.32249315068493,16.2636164383562,934.8
"861","SAR",2007,5.93783561643836,15.4346301369863,1153.68
"862","SAR",2008,5.9957650273224,14.7393989071038,1445.62
"863","SAR",2009,6.67350684931507,15.6366301369863,1343.61
"864","SAR",2010,5.73731506849315,14.0178630136986,1215.43
"865","SAR",2011,7.50553424657534,16.469397260274,1179.36
"866","SAR",2012,6.69210382513661,15.8047267759563,1234.57
"867","SAR",2013,6.35334246575342,14.4459178082192,1748.53
"868","SAR",2014,7.28356164383562,15.6428219178082,1649.59
"869","SAR",2015,7.14764383561644,16.3755616438356,1366.97
"870","SAR",2016,6.83748633879781,15.4984153005464,1191.32
"871","SAR",2017,6.84145205479452,16.4146575342466,1296.62
"872","SAR",2018,7.11123287671233,15.3878904109589,1570.44
"873","SAR",2019,6.78643835616438,16.1779452054795,1487.55
"874","SAR",2020,7.30292349726776,16.6841530054645,1220.47
"875","SAR",2021,6.50676712328767,16.3585205479452,744.85
"876","SAR",2022,7.88983561643836,18.6150410958904,545.3
"877","TRA",1950,3.44860273972603,15.5702739726027,334.04
"878","TRA",1951,2.30419178082192,13.2296438356164,672.27
"879","TRA",1952,2.0594262295082,14.6798360655738,505.24
"880","TRA",1953,3.08553424657534,15.0914246575342,330.31
"881","TRA",1954,2.74120547945205,14.5888493150685,384.34
"882","TRA",1955,4.46572602739726,15.2782465753425,619.57
"883","TRA",1956,1.9951912568306,13.3519398907104,488.15
"884","TRA",1957,2.76457534246575,14.6435068493151,497.96
"885","TRA",1958,3.73128767123288,14.7111232876712,440.56
"886","TRA",1959,3.95221917808219,14.0599178082192,728.79
"887","TRA",1960,3.56786885245902,14.1330054644809,741.91
"888","TRA",1961,2.08295890410959,16.2809863013699,528.79
"889","TRA",1962,1.50202739726027,15.1321643835616,561
"890","TRA",1963,1.29347945205479,13.9097534246575,735.62
"891","TRA",1964,1.35068306010929,15.7238797814208,532.31
"892","TRA",1965,1.38076712328767,14.702904109589,584.03
"893","TRA",1966,2.02071232876712,14.8947397260274,618.21
"894","TRA",1967,0.933287671232877,15.32,447.28
"895","TRA",1968,1.68893442622951,15.0231147540984,515.61
"896","TRA",1969,1.28150684931507,13.137698630137,855.31
"897","TRA",1970,0.701041095890411,14.8055616438356,517
"898","TRA",1971,0.736821917808219,13.2388219178082,813.34
"899","TRA",1972,1.19131147540984,12.8879508196721,663.06
"900","TRA",1973,0.811041095890411,14.7386301369863,442.52
"901","TRA",1974,1.22668493150685,14.1862739726027,567.62
"902","TRA",1975,1.16904109589041,14.2995342465753,645.9
"903","TRA",1976,1.03795081967213,14.2422950819672,662.9
"904","TRA",1977,1.72449315068493,14.0687123287671,695.3
"905","TRA",1978,1.01109589041096,14.5659726027397,506.17
"906","TRA",1979,2.03671232876712,14.5437534246575,693.36
"907","TRA",1980,0.818579234972678,14.980956284153,462.09
"908","TRA",1981,1.21602739726027,16.0065205479452,451.04
"909","TRA",1982,2.2352602739726,15.2718082191781,583.61
"910","TRA",1983,1.56953424657534,16.206602739726,354.72
"911","TRA",1984,1.12407103825137,14.0916666666667,590.87
"912","TRA",1985,2.10005479452055,15.4285205479452,440.4
"913","TRA",1986,1.98594520547945,14.8513424657534,568.32
"914","TRA",1987,2.71821917808219,15.5803287671233,545.99
"915","TRA",1988,1.80114754098361,15.4253551912568,580.67
"916","TRA",1989,2.87728767123288,16.1439726027397,604.5
"917","TRA",1990,2.51043835616438,16.1173150684932,410.55
"918","TRA",1991,1.80232876712329,14.938301369863,525.73
"919","TRA",1992,1.28901639344262,15.3605464480874,405.95
"920","TRA",1993,1.03791780821918,14.9575890410959,485.34
"921","TRA",1994,2.41021917808219,16.878301369863,360.2
"922","TRA",1995,2.15224657534247,16.4133698630137,475.71
"923","TRA",1996,1.91931693989071,15.0807650273224,672.45
"924","TRA",1997,2.83252054794521,16.3274520547945,622.63
"925","TRA",1998,2.03895890410959,15.8650136986301,460.18
"926","TRA",1999,1.96446575342466,15.4040821917808,548.75
"927","TRA",2000,1.64680327868852,16.1159836065574,478.9
"928","TRA",2001,2.0841095890411,15.8176438356164,351.82
"929","TRA",2002,2.76369863013699,15.743397260274,638.86
"930","TRA",2003,2.88515068493151,16.0796164383562,595.85
"931","TRA",2004,1.98185792349727,15.6964480874317,528.98
"932","TRA",2005,1.47178082191781,16.3173698630137,358.99
"933","TRA",2006,3.08164383561644,16.8355342465753,525.46
"934","TRA",2007,1.83112328767123,15.8773424657534,455.02
"935","TRA",2008,2.15125683060109,15.333087431694,653.86
"936","TRA",2009,2.94706849315068,17.008301369863,442.64
"937","TRA",2010,2.51367123287671,15.016,665.64
"938","TRA",2011,2.98545205479452,17.1581917808219,446.59
"939","TRA",2012,2.15415300546448,16.3564480874317,424.55
"940","TRA",2013,2.20016438356164,15.0406301369863,577.34
"941","TRA",2014,3.33383561643836,16.3724657534247,540.26
"942","TRA",2015,3.09430136986301,17.4039726027397,395.24
"943","TRA",2016,3.03879781420765,16.6032240437158,492.89
"944","TRA",2017,2.66268493150685,17.9373150684932,340.78
"945","TRA",2018,3.24775342465753,15.8549315068493,727.91
"946","TRA",2019,2.72591780821918,17.0549863013699,433.12
"947","TRA",2020,3.4433606557377,16.9314754098361,559.61
"948","TRA",2021,2.79120547945205,16.2734246575342,575.64
"949","TRA",2022,3.83945205479452,17.9583287671233,418.18
"950","URZ",1950,3.73446118721461,13.8099863013699,924.486666666667
"951","URZ",1951,3.06656164383562,12.2296392694064,1112.92
"952","URZ",1952,3.90012750455373,13.3632103825137,959.7
"953","URZ",1953,3.16996803652968,13.8943242009132,637.756666666667
"954","URZ",1954,2.53554794520548,12.7936073059361,853.518333333333
"955","URZ",1955,3.91163470319635,14.1279817351598,753.338333333333
"956","URZ",1956,2.01300091074681,12.0383378870674,749.301666666667
"957","URZ",1957,3.07018264840183,13.4443652968037,722.24
"958","URZ",1958,2.40141552511416,13.69900456621,871.236666666667
"959","URZ",1959,2.2722602739726,13.7611461187215,1190.17333333333
"960","URZ",1960,1.61418488160291,13.3619535519126,1228.315
"961","URZ",1961,1.82462557077626,15.4183926940639,1070.87333333333
"962","URZ",1962,1.2620502283105,14.448598173516,878.238333333333
"963","URZ",1963,0.388835616438356,13.2486940639269,1126.05833333333
"964","URZ",1964,1.31682604735883,14.7963888888889,860.211666666667
"965","URZ",1965,1.2908401826484,13.5706484018265,1057.61833333333
"966","URZ",1966,2.53383105022831,13.8811826484018,1241.995
"967","URZ",1967,2.07069863013699,14.4007488584475,873.693333333333
"968","URZ",1968,2.63299180327869,13.9025364298725,1012.77
"969","URZ",1969,2.55916438356164,12.7286666666667,1138.99833333333
"970","URZ",1970,2.29507305936073,14.0548767123288,806.243333333333
"971","URZ",1971,2.16452511415525,13.2774566210046,1100.02666666667
"972","URZ",1972,1.47968123861566,12.4837613843352,1189.05166666667
"973","URZ",1973,2.13638812785388,13.9790913242009,848.246666666667
"974","URZ",1974,1.88646118721461,13.2347397260274,1005.93333333333
"975","URZ",1975,1.82982191780822,13.6837899543379,924.741666666667
"976","URZ",1976,1.58833333333333,13.8587568306011,1016.09833333333
"977","URZ",1977,1.74405936073059,13.4276849315068,1067.90166666667
"978","URZ",1978,0.897995433789954,13.6985936073059,1043.17166666667
"979","URZ",1979,2.44184474885845,13.0981598173516,1232.92166666667
"980","URZ",1980,1.79644353369763,13.8699043715847,948.338333333333
"981","URZ",1981,2.75766210045662,14.7475342465753,979.645
"982","URZ",1982,3.33365296803653,14.2802054794521,1074.995
"983","URZ",1983,3.37841095890411,14.9194885844749,747.593333333333
"984","URZ",1984,2.35410746812386,13.1478916211293,1102.54
"985","URZ",1985,2.74795433789954,14.4529452054795,793.161666666667
"986","URZ",1986,3.08083561643836,13.788301369863,930.82
"987","URZ",1987,3.62407305936073,14.2845525114155,910.486666666667
"988","URZ",1988,3.54681693989071,14.169558287796,1003.88833333333
"989","URZ",1989,4.50472602739726,15.2950502283105,796.885
"990","URZ",1990,3.94961187214612,15.1062739726027,895.34
"991","URZ",1991,3.35231050228311,13.7518767123288,819.173333333333
"992","URZ",1992,3.30489071038251,13.7587249544627,1070.745
"993","URZ",1993,2.79163470319635,13.8371872146119,962.258333333333
"994","URZ",1994,4.04794520547945,15.0808082191781,926.881666666667
"995","URZ",1995,4.08984931506849,14.9360684931507,890.066666666667
"996","URZ",1996,3.88049180327869,13.3097996357013,1133.59
"997","URZ",1997,5.17344292237443,14.835803652968,1046.44833333333
"998","URZ",1998,4.13752511415525,13.8391232876712,965.441666666667
"999","URZ",1999,4.17258904109589,13.1847625570776,1089.58
"1000","URZ",2000,4.20023224043716,14.0821994535519,1161.57166666667
"1001","URZ",2001,4.29363470319635,13.8105479452055,919.181666666667
"1002","URZ",2002,4.94534246575342,13.0555479452055,1568.42666666667
"1003","URZ",2003,5.34092237442922,13.7601689497717,1237.25333333333
"1004","URZ",2004,3.75045081967213,13.7753460837887,932.933333333333
"1005","URZ",2005,4.10781278538813,12.7657945205479,1135.22166666667
"1006","URZ",2006,5.33904566210046,14.2160273972603,1061.895
"1007","URZ",2007,4.02302283105023,13.3965753424658,1271.76666666667
"1008","URZ",2008,4.07368852459016,12.5988524590164,1606.14166666667
"1009","URZ",2009,4.71732876712329,13.4891598173516,1474.83666666667
"1010","URZ",2010,3.71734246575342,11.8333561643836,1320.375
"1011","URZ",2011,5.54219178082192,14.2710502283105,1338.66333333333
"1012","URZ",2012,4.70795081967213,13.6451548269581,1358.09833333333
"1013","URZ",2013,4.28113242009132,12.24399543379,1889.90166666667
"1014","URZ",2014,5.26375342465753,13.4890913242009,1757.12166666667
"1015","URZ",2015,5.19632876712329,14.282799086758,1487.81166666667
"1016","URZ",2016,4.85386612021858,13.3434471766849,1318.1
"1017","URZ",2017,4.84957077625571,14.2038447488584,1406.91166666667
"1018","URZ",2018,5.05914611872146,13.222598173516,1719.42166666667
"1019","URZ",2019,4.81229680365297,14.0046803652968,1612.65666666667
"1020","URZ",2020,5.36526867030965,14.5101593806922,1350.70833333333
"1021","URZ",2021,4.41235159817352,14.2724703196347,824.88
"1022","URZ",2022,5.84190867579909,16.5188447488584,600.058333333333
