PLOT;JAN;FEB;MAR;APR;MAY;JUN;JUL;AUG;SEP;OCT;NOV;DEC
ADO01;-11.8;-11.9;-10.4;-8.6;-6.6;-4.9;-3.2;-3.8;-5.4;-7.7;-10.3;-10.8
ADO02;-11.8;-11.9;-10.4;-8.6;-6.6;-4.9;-3.2;-3.8;-5.4;-7.7;-10.3;-10.8
ADO03;-11.7;-11.9;-10.3;-8.6;-6.6;-4.9;-3.2;-3.7;-5.3;-7.7;-10.3;-10.7
ALU01;-11.9;-12.1;-10.5;-8.8;-6.8;-5.1;-3.3;-3.9;-5.5;-7.8;-10.5;-10.9
ALU02;-12;-12.1;-10.6;-8.8;-6.8;-5.1;-3.3;-3.9;-5.5;-7.8;-10.6;-11
ALU03;-12;-12.2;-10.6;-8.9;-6.8;-5.2;-3.3;-3.9;-5.5;-7.9;-10.6;-11
ALU04;-12;-12.2;-10.6;-8.9;-6.9;-5.2;-3.3;-3.9;-5.6;-7.9;-10.6;-11
ALU05;-12;-12.2;-10.6;-8.9;-6.9;-5.2;-3.3;-3.9;-5.6;-7.9;-10.6;-11
ALU06;-12;-12.1;-10.6;-8.8;-6.8;-5.1;-3.3;-3.9;-5.5;-7.9;-10.6;-11
ALU07;-12;-12.2;-10.6;-8.9;-6.8;-5.2;-3.3;-3.9;-5.5;-7.9;-10.6;-11
ALU08;-12;-12.2;-10.6;-8.9;-6.9;-5.2;-3.3;-3.9;-5.6;-7.9;-10.6;-11
BAS01;-10.3;-10.3;-9.1;-7.3;-5.3;-3.7;-2.3;-2.8;-4.2;-6.6;-8.7;-9.3
BAS02;-10.2;-10.3;-9.1;-7.3;-5.3;-3.7;-2.2;-2.7;-4.1;-6.5;-8.7;-9.3
BAS03;-10.2;-10.2;-9;-7.2;-5.2;-3.6;-2.2;-2.7;-4.1;-6.5;-8.6;-9.2
BAS04;-10.2;-10.3;-9.1;-7.3;-5.3;-3.7;-2.2;-2.7;-4.1;-6.5;-8.7;-9.3
BAS05;-10.2;-10.2;-9;-7.3;-5.2;-3.6;-2.2;-2.7;-4.1;-6.5;-8.7;-9.2
BAS06;-10.1;-10.2;-9;-7.2;-5.2;-3.6;-2.2;-2.7;-4;-6.4;-8.6;-9.2
CED01;-11.6;-11.9;-10.1;-8.5;-6.6;-4.8;-3;-3.6;-5.2;-7.6;-10.2;-10.7
CED02;-11.6;-11.9;-10.1;-8.5;-6.6;-4.8;-3;-3.6;-5.2;-7.6;-10.2;-10.7
CED03;-11.6;-11.8;-10.1;-8.5;-6.5;-4.8;-3;-3.6;-5.2;-7.6;-10.2;-10.6
CED04;-11.6;-11.8;-10.1;-8.5;-6.5;-4.8;-3;-3.6;-5.2;-7.6;-10.2;-10.6
CED05;-11.7;-11.9;-10.2;-8.6;-6.6;-4.9;-3;-3.7;-5.3;-7.6;-10.3;-10.6
CED06;-11.6;-11.8;-10.1;-8.5;-6.5;-4.8;-3;-3.6;-5.2;-7.5;-10.2;-10.6
COR01;-11.2;-11.3;-9.7;-8.1;-6.1;-4.4;-2.7;-3.3;-4.9;-7.2;-9.7;-10.2
COR02;-11.2;-11.4;-9.8;-8.1;-6.2;-4.5;-2.7;-3.4;-4.9;-7.2;-9.8;-10.2
COR03;-11.3;-11.4;-9.8;-8.2;-6.2;-4.5;-2.7;-3.4;-5;-7.2;-9.8;-10.3
COR04;-11.3;-11.4;-9.8;-8.2;-6.2;-4.5;-2.8;-3.4;-5;-7.3;-9.8;-10.3
COR05;-11.2;-11.3;-9.7;-8.1;-6.1;-4.4;-2.7;-3.3;-4.9;-7.2;-9.7;-10.2
COR06;-11.3;-11.5;-9.8;-8.2;-6.2;-4.5;-2.8;-3.4;-5;-7.3;-9.8;-10.3
GUA01;-11.7;-11.7;-10.6;-8.8;-6.6;-4.8;-3.2;-3.6;-5.3;-7.7;-10.3;-10.7
GUA04;-11.4;-11.4;-10.3;-8.5;-6.3;-4.6;-3;-3.4;-5.1;-7.5;-10;-10.4
GUA05;-11.4;-11.4;-10.3;-8.5;-6.3;-4.6;-3;-3.4;-5.1;-7.4;-10;-10.3
GUA06;-11.4;-11.3;-10.3;-8.4;-6.3;-4.5;-2.9;-3.4;-5;-7.4;-9.9;-10.3
GUA07;-11.2;-11.1;-10.1;-8.3;-6.1;-4.4;-2.8;-3.3;-4.9;-7.3;-9.7;-10.1
GUA08;-11.2;-11.1;-10.1;-8.2;-6.1;-4.3;-2.8;-3.2;-4.9;-7.2;-9.7;-10.1
GUA09;-11.2;-11.2;-10.1;-8.3;-6.1;-4.4;-2.8;-3.3;-4.9;-7.3;-9.8;-10.2
GUA10;-11.9;-11.9;-10.8;-8.9;-6.7;-5;-3.3;-3.7;-5.4;-7.9;-10.5;-10.8
GUA11;-11.9;-11.9;-10.8;-9;-6.8;-5;-3.3;-3.7;-5.4;-7.9;-10.5;-10.9
GUA12;-11.8;-11.8;-10.7;-8.9;-6.7;-4.9;-3.2;-3.7;-5.4;-7.8;-10.4;-10.8
GUA13;-11.8;-11.8;-10.7;-8.8;-6.6;-4.9;-3.2;-3.6;-5.3;-7.8;-10.4;-10.7
GUA14;-11.8;-11.8;-10.7;-8.9;-6.7;-4.9;-3.2;-3.6;-5.4;-7.8;-10.4;-10.8
GUA15;-11.8;-11.8;-10.7;-8.8;-6.7;-4.9;-3.2;-3.6;-5.3;-7.8;-10.4;-10.7
NAV01;-9.9;-9.7;-8.9;-7.1;-5;-3.3;-1.9;-2.5;-4;-6.1;-8.4;-8.9
NAV02;-9.9;-9.7;-8.9;-7.1;-4.9;-3.2;-1.9;-2.5;-4;-6.1;-8.3;-8.8
NAV03;-10;-9.7;-9;-7.1;-5;-3.3;-1.9;-2.5;-4;-6.2;-8.4;-8.9
NAV04;-9.9;-9.7;-8.9;-7.1;-5;-3.2;-1.9;-2.5;-4;-6.1;-8.4;-8.9
NAV05;-10;-9.7;-8.9;-7.1;-5;-3.3;-1.9;-2.5;-4;-6.2;-8.4;-8.9
NAV06;-9.9;-9.7;-8.9;-7.1;-5;-3.3;-1.9;-2.5;-4;-6.1;-8.4;-8.9
NAV07;-9.9;-9.7;-8.9;-7.1;-5;-3.3;-1.9;-2.5;-4;-6.1;-8.4;-8.9
NAV08;-9.9;-9.7;-8.9;-7.1;-5;-3.2;-1.9;-2.5;-4;-6.1;-8.4;-8.9
NAV09;-10;-9.7;-8.9;-7.1;-5;-3.3;-1.9;-2.5;-4;-6.1;-8.4;-8.9
NAV10;-9.9;-9.7;-8.9;-7.1;-5;-3.3;-1.9;-2.5;-4;-6.1;-8.4;-8.9
NAV11;-9.9;-9.7;-8.9;-7.1;-5;-3.3;-1.9;-2.5;-4;-6.1;-8.4;-8.9
FAG01;-10.7;-10.8;-9.5;-7.7;-5.7;-4.1;-2.5;-3;-4.5;-6.9;-9.2;-9.8
FAG02;-10.7;-10.8;-9.5;-7.7;-5.7;-4.1;-2.5;-3;-4.5;-6.9;-9.2;-9.8
FAG03;-10.7;-10.8;-9.5;-7.7;-5.7;-4.1;-2.5;-3;-4.5;-6.9;-9.2;-9.8
FAG04;-10.7;-10.8;-9.5;-7.8;-5.7;-4.1;-2.5;-3;-4.5;-6.9;-9.2;-9.8
FAG05;-10.7;-10.8;-9.5;-7.8;-5.7;-4.1;-2.6;-3;-4.5;-6.9;-9.2;-9.8
SAR01;-10.4;-10.5;-9.3;-7.5;-5.4;-3.9;-2.4;-2.9;-4.3;-6.7;-8.9;-9.5
SAR02;-10.4;-10.4;-9.2;-7.4;-5.4;-3.8;-2.3;-2.9;-4.2;-6.7;-8.9;-9.4
SAR03;-10.3;-10.4;-9.2;-7.4;-5.4;-3.8;-2.3;-2.8;-4.2;-6.7;-8.8;-9.4
SAR04;-10.3;-10.4;-9.2;-7.4;-5.4;-3.8;-2.3;-2.8;-4.2;-6.6;-8.8;-9.4
SAR05;-10.3;-10.3;-9.1;-7.4;-5.3;-3.7;-2.3;-2.8;-4.1;-6.6;-8.7;-9.3
SAR06;-10.3;-10.4;-9.2;-7.4;-5.3;-3.8;-2.3;-2.8;-4.2;-6.6;-8.8;-9.4
OZA01;-11.1;-11.2;-9.9;-8.1;-6.1;-4.5;-2.8;-3.3;-4.7;-7.3;-9.6;-10.2
OZA02;-11.2;-11.4;-10;-8.2;-6.2;-4.6;-2.9;-3.3;-4.8;-7.4;-9.8;-10.3
OZA03;-11.2;-11.4;-10;-8.2;-6.2;-4.6;-2.9;-3.4;-4.9;-7.4;-9.8;-10.3
OZA04;-11.2;-11.4;-10;-8.2;-6.2;-4.6;-2.9;-3.4;-4.9;-7.4;-9.8;-10.3
OZA05;-11.2;-11.4;-10;-8.2;-6.2;-4.6;-2.9;-3.3;-4.8;-7.4;-9.8;-10.3
OZA06;-11.1;-11.3;-9.9;-8.1;-6.1;-4.5;-2.8;-3.3;-4.8;-7.3;-9.7;-10.2
PEL01;-10.2;-10;-9.2;-7.3;-5.2;-3.5;-2.1;-2.7;-4.2;-6.4;-8.7;-9.1
PEL02;-10.1;-9.9;-9.1;-7.3;-5.2;-3.4;-2.1;-2.7;-4.1;-6.3;-8.6;-9.1
PEL03;-10.1;-9.9;-9.1;-7.3;-5.1;-3.4;-2.1;-2.7;-4.1;-6.3;-8.6;-9
PEL04;-10.2;-10;-9.2;-7.4;-5.2;-3.5;-2.1;-2.7;-4.2;-6.4;-8.7;-9.1
PEL05;-10.2;-10;-9.2;-7.4;-5.2;-3.5;-2.1;-2.7;-4.2;-6.4;-8.7;-9.1
PEL06;-10.3;-10.1;-9.3;-7.4;-5.3;-3.6;-2.2;-2.8;-4.3;-6.4;-8.8;-9.2
RON01;-10.3;-10.4;-9.2;-7.4;-5.3;-3.8;-2.3;-2.8;-4.2;-6.6;-8.8;-9.4
RON02;-10.4;-10.5;-9.2;-7.5;-5.4;-3.8;-2.3;-2.9;-4.2;-6.7;-8.9;-9.5
RON03;-10.4;-10.4;-9.2;-7.5;-5.4;-3.8;-2.3;-2.8;-4.2;-6.7;-8.9;-9.4
RON04;-10.4;-10.5;-9.3;-7.5;-5.5;-3.9;-2.4;-2.9;-4.3;-6.7;-8.9;-9.5
RON05;-10.4;-10.4;-9.2;-7.4;-5.4;-3.8;-2.3;-2.8;-4.2;-6.6;-8.8;-9.4
RON06;-10.4;-10.5;-9.2;-7.5;-5.4;-3.8;-2.3;-2.9;-4.2;-6.7;-8.9;-9.5
URZ01;-11.4;-11.6;-10.2;-8.4;-6.4;-4.8;-3.1;-3.5;-5;-7.6;-10;-10.5
URZ02;-11.3;-11.5;-10.1;-8.3;-6.3;-4.6;-3;-3.4;-4.9;-7.5;-9.9;-10.4
URZ03;-11.3;-11.5;-10.1;-8.3;-6.3;-4.7;-3;-3.4;-4.9;-7.5;-9.9;-10.4
URZ04;-11.3;-11.5;-10.1;-8.4;-6.3;-4.7;-3;-3.4;-4.9;-7.5;-9.9;-10.4
URZ05;-11.3;-11.5;-10.2;-8.4;-6.3;-4.7;-3;-3.5;-4.9;-7.5;-9.9;-10.4
URZ06;-11.3;-11.4;-10.1;-8.3;-6.2;-4.6;-3;-3.4;-4.9;-7.4;-9.8;-10.3
TRA01;-11.8;-11.9;-10.4;-8.7;-6.6;-5;-3.2;-3.8;-5.4;-7.7;-10.4;-10.8
TRA02;-11.8;-11.9;-10.4;-8.7;-6.6;-5;-3.2;-3.8;-5.4;-7.7;-10.4;-10.8
TRA03;-11.8;-11.9;-10.4;-8.7;-6.6;-5;-3.2;-3.8;-5.4;-7.7;-10.4;-10.8
TRA04;-11.8;-12;-10.4;-8.7;-6.5;-5;-3.2;-3.8;-5.4;-7.7;-10.4;-10.8
