"","Group1","Group2","P_value_adjusted","Variable","Tipo"
"1","Abialba_hotspot","Abialba_coldspot",0.00119204518625865,"height","vuln"
"2","Pinpine_coldspot","Abialba_coldspot",8.74429505682673e-10,"height","vuln"
"3","Pinpine_hotspot","Abialba_coldspot",7.27526976029577e-20,"height","vuln"
"4","Pinsylv_coldspot","Abialba_coldspot",1.23038811171439e-21,"height","vuln"
"5","Pinsylv_hotspot","Abialba_coldspot",2.21484912285813e-26,"height","vuln"
"6","Abialba_hotspot","Abialba_hotspot",NA,"height","vuln"
"7","Pinpine_coldspot","Abialba_hotspot",4.67149177912775e-08,"height","vuln"
"8","Pinpine_hotspot","Abialba_hotspot",1.39858677184561e-18,"height","vuln"
"9","Pinsylv_coldspot","Abialba_hotspot",6.85265636755034e-15,"height","vuln"
"10","Pinsylv_hotspot","Abialba_hotspot",6.98054449476645e-24,"height","vuln"
"11","Abialba_hotspot","Pinpine_coldspot",NA,"height","vuln"
"12","Pinpine_coldspot","Pinpine_coldspot",NA,"height","vuln"
"13","Pinpine_hotspot","Pinpine_coldspot",0.0405506081221609,"height","vuln"
"14","Pinsylv_coldspot","Pinpine_coldspot",1,"height","vuln"
"15","Pinsylv_hotspot","Pinpine_coldspot",0.995935089823751,"height","vuln"
"16","Abialba_hotspot","Pinpine_hotspot",NA,"height","vuln"
"17","Pinpine_coldspot","Pinpine_hotspot",NA,"height","vuln"
"18","Pinpine_hotspot","Pinpine_hotspot",NA,"height","vuln"
"19","Pinsylv_coldspot","Pinpine_hotspot",4.06946438299598e-07,"height","vuln"
"20","Pinsylv_hotspot","Pinpine_hotspot",0.0438780865578104,"height","vuln"
"21","Abialba_hotspot","Pinsylv_coldspot",NA,"height","vuln"
"22","Pinpine_coldspot","Pinsylv_coldspot",NA,"height","vuln"
"23","Pinpine_hotspot","Pinsylv_coldspot",NA,"height","vuln"
"24","Pinsylv_coldspot","Pinsylv_coldspot",NA,"height","vuln"
"25","Pinsylv_hotspot","Pinsylv_coldspot",0.000112340285953723,"height","vuln"
"26","Abialba_hotspot","Abialba_coldspot",0.000706293245085591,"dbh","vuln"
"27","Pinpine_coldspot","Abialba_coldspot",0.122900669938995,"dbh","vuln"
"28","Pinpine_hotspot","Abialba_coldspot",4.56966375733732e-07,"dbh","vuln"
"29","Pinsylv_coldspot","Abialba_coldspot",2.26255157955935e-16,"dbh","vuln"
"30","Pinsylv_hotspot","Abialba_coldspot",1.38263077607849e-18,"dbh","vuln"
"31","Abialba_hotspot","Abialba_hotspot",NA,"dbh","vuln"
"32","Pinpine_coldspot","Abialba_hotspot",1,"dbh","vuln"
"33","Pinpine_hotspot","Abialba_hotspot",1,"dbh","vuln"
"34","Pinsylv_coldspot","Abialba_hotspot",0.0276368167211629,"dbh","vuln"
"35","Pinsylv_hotspot","Abialba_hotspot",0.000887640212138118,"dbh","vuln"
"36","Abialba_hotspot","Pinpine_coldspot",NA,"dbh","vuln"
"37","Pinpine_coldspot","Pinpine_coldspot",NA,"dbh","vuln"
"38","Pinpine_hotspot","Pinpine_coldspot",0.595859694664348,"dbh","vuln"
"39","Pinsylv_coldspot","Pinpine_coldspot",1.81594060023748e-05,"dbh","vuln"
"40","Pinsylv_hotspot","Pinpine_coldspot",7.53696416169822e-06,"dbh","vuln"
"41","Abialba_hotspot","Pinpine_hotspot",NA,"dbh","vuln"
"42","Pinpine_coldspot","Pinpine_hotspot",NA,"dbh","vuln"
"43","Pinpine_hotspot","Pinpine_hotspot",NA,"dbh","vuln"
"44","Pinsylv_coldspot","Pinpine_hotspot",0.000180464325880735,"dbh","vuln"
"45","Pinsylv_hotspot","Pinpine_hotspot",3.42437058609003e-06,"dbh","vuln"
"46","Abialba_hotspot","Pinsylv_coldspot",NA,"dbh","vuln"
"47","Pinpine_coldspot","Pinsylv_coldspot",NA,"dbh","vuln"
"48","Pinpine_hotspot","Pinsylv_coldspot",NA,"dbh","vuln"
"49","Pinsylv_coldspot","Pinsylv_coldspot",NA,"dbh","vuln"
"50","Pinsylv_hotspot","Pinsylv_coldspot",1,"dbh","vuln"
"51","Abialba_hotspot","Abialba_coldspot",1,"age","vuln"
"52","Pinpine_coldspot","Abialba_coldspot",7.54547357358065e-05,"age","vuln"
"53","Pinpine_hotspot","Abialba_coldspot",2.93241853602532e-05,"age","vuln"
"54","Pinsylv_coldspot","Abialba_coldspot",1,"age","vuln"
"55","Pinsylv_hotspot","Abialba_coldspot",6.53569859797968e-06,"age","vuln"
"56","Abialba_hotspot","Abialba_hotspot",NA,"age","vuln"
"57","Pinpine_coldspot","Abialba_hotspot",2.55293072838971e-06,"age","vuln"
"58","Pinpine_hotspot","Abialba_hotspot",6.58528690330163e-07,"age","vuln"
"59","Pinsylv_coldspot","Abialba_hotspot",1,"age","vuln"
"60","Pinsylv_hotspot","Abialba_hotspot",2.11095999163806e-08,"age","vuln"
"61","Abialba_hotspot","Pinpine_coldspot",NA,"age","vuln"
"62","Pinpine_coldspot","Pinpine_coldspot",NA,"age","vuln"
"63","Pinpine_hotspot","Pinpine_coldspot",1,"age","vuln"
"64","Pinsylv_coldspot","Pinpine_coldspot",9.92645829279541e-05,"age","vuln"
"65","Pinsylv_hotspot","Pinpine_coldspot",1,"age","vuln"
"66","Abialba_hotspot","Pinpine_hotspot",NA,"age","vuln"
"67","Pinpine_coldspot","Pinpine_hotspot",NA,"age","vuln"
"68","Pinpine_hotspot","Pinpine_hotspot",NA,"age","vuln"
"69","Pinsylv_coldspot","Pinpine_hotspot",6.38274311422686e-07,"age","vuln"
"70","Pinsylv_hotspot","Pinpine_hotspot",1,"age","vuln"
"71","Abialba_hotspot","Pinsylv_coldspot",NA,"age","vuln"
"72","Pinpine_coldspot","Pinsylv_coldspot",NA,"age","vuln"
"73","Pinpine_hotspot","Pinsylv_coldspot",NA,"age","vuln"
"74","Pinsylv_coldspot","Pinsylv_coldspot",NA,"age","vuln"
"75","Pinsylv_hotspot","Pinsylv_coldspot",7.10390323092469e-08,"age","vuln"
"76","Abialba_hotspot","Abialba_coldspot",1,"hegyi_index","vuln"
"77","Pinpine_coldspot","Abialba_coldspot",0.0130642251599459,"hegyi_index","vuln"
"78","Pinpine_hotspot","Abialba_coldspot",2.2559859581378e-08,"hegyi_index","vuln"
"79","Pinsylv_coldspot","Abialba_coldspot",1,"hegyi_index","vuln"
"80","Pinsylv_hotspot","Abialba_coldspot",1,"hegyi_index","vuln"
"81","Abialba_hotspot","Abialba_hotspot",NA,"hegyi_index","vuln"
"82","Pinpine_coldspot","Abialba_hotspot",0.0384509654321151,"hegyi_index","vuln"
"83","Pinpine_hotspot","Abialba_hotspot",5.69245867287815e-08,"hegyi_index","vuln"
"84","Pinsylv_coldspot","Abialba_hotspot",0.401824714158503,"hegyi_index","vuln"
"85","Pinsylv_hotspot","Abialba_hotspot",1,"hegyi_index","vuln"
"86","Abialba_hotspot","Pinpine_coldspot",NA,"hegyi_index","vuln"
"87","Pinpine_coldspot","Pinpine_coldspot",NA,"hegyi_index","vuln"
"88","Pinpine_hotspot","Pinpine_coldspot",1,"hegyi_index","vuln"
"89","Pinsylv_coldspot","Pinpine_coldspot",1.39844336770291e-05,"hegyi_index","vuln"
"90","Pinsylv_hotspot","Pinpine_coldspot",0.00435686307566561,"hegyi_index","vuln"
"91","Abialba_hotspot","Pinpine_hotspot",NA,"hegyi_index","vuln"
"92","Pinpine_coldspot","Pinpine_hotspot",NA,"hegyi_index","vuln"
"93","Pinpine_hotspot","Pinpine_hotspot",NA,"hegyi_index","vuln"
"94","Pinsylv_coldspot","Pinpine_hotspot",3.18073356304087e-18,"hegyi_index","vuln"
"95","Pinsylv_hotspot","Pinpine_hotspot",1.98635360252518e-13,"hegyi_index","vuln"
"96","Abialba_hotspot","Pinsylv_coldspot",NA,"hegyi_index","vuln"
"97","Pinpine_coldspot","Pinsylv_coldspot",NA,"hegyi_index","vuln"
"98","Pinpine_hotspot","Pinsylv_coldspot",NA,"hegyi_index","vuln"
"99","Pinsylv_coldspot","Pinsylv_coldspot",NA,"hegyi_index","vuln"
"100","Pinsylv_hotspot","Pinsylv_coldspot",0.128058412235959,"hegyi_index","vuln"
"101","Abialba_hotspot","Abialba_coldspot",9.70203145724931e-07,"mean_bai","vuln"
"102","Pinpine_coldspot","Abialba_coldspot",1.87194353486229e-05,"mean_bai","vuln"
"103","Pinpine_hotspot","Abialba_coldspot",9.22653769056567e-10,"mean_bai","vuln"
"104","Pinsylv_coldspot","Abialba_coldspot",2.55431229822293e-06,"mean_bai","vuln"
"105","Pinsylv_hotspot","Abialba_coldspot",2.06962541795323e-15,"mean_bai","vuln"
"106","Abialba_hotspot","Abialba_hotspot",NA,"mean_bai","vuln"
"107","Pinpine_coldspot","Abialba_hotspot",1,"mean_bai","vuln"
"108","Pinpine_hotspot","Abialba_hotspot",1,"mean_bai","vuln"
"109","Pinsylv_coldspot","Abialba_hotspot",1,"mean_bai","vuln"
"110","Pinsylv_hotspot","Abialba_hotspot",0.00303212022156081,"mean_bai","vuln"
"111","Abialba_hotspot","Pinpine_coldspot",NA,"mean_bai","vuln"
"112","Pinpine_coldspot","Pinpine_coldspot",NA,"mean_bai","vuln"
"113","Pinpine_hotspot","Pinpine_coldspot",1,"mean_bai","vuln"
"114","Pinsylv_coldspot","Pinpine_coldspot",1,"mean_bai","vuln"
"115","Pinsylv_hotspot","Pinpine_coldspot",0.0648847712295701,"mean_bai","vuln"
"116","Abialba_hotspot","Pinpine_hotspot",NA,"mean_bai","vuln"
"117","Pinpine_coldspot","Pinpine_hotspot",NA,"mean_bai","vuln"
"118","Pinpine_hotspot","Pinpine_hotspot",NA,"mean_bai","vuln"
"119","Pinsylv_coldspot","Pinpine_hotspot",0.0299711482353177,"mean_bai","vuln"
"120","Pinsylv_hotspot","Pinpine_hotspot",0.00111463492592757,"mean_bai","vuln"
"121","Abialba_hotspot","Pinsylv_coldspot",NA,"mean_bai","vuln"
"122","Pinpine_coldspot","Pinsylv_coldspot",NA,"mean_bai","vuln"
"123","Pinpine_hotspot","Pinsylv_coldspot",NA,"mean_bai","vuln"
"124","Pinsylv_coldspot","Pinsylv_coldspot",NA,"mean_bai","vuln"
"125","Pinsylv_hotspot","Pinsylv_coldspot",6.50452390090295e-11,"mean_bai","vuln"
"126","Abialba_hotspot","Abialba_coldspot",8.59455130550237e-09,"mean_1980","vuln"
"127","Pinpine_coldspot","Abialba_coldspot",3.98815047206127e-05,"mean_1980","vuln"
"128","Pinpine_hotspot","Abialba_coldspot",8.43844275002552e-11,"mean_1980","vuln"
"129","Pinsylv_coldspot","Abialba_coldspot",3.56571799349696e-09,"mean_1980","vuln"
"130","Pinsylv_hotspot","Abialba_coldspot",4.86662625880623e-17,"mean_1980","vuln"
"131","Abialba_hotspot","Abialba_hotspot",NA,"mean_1980","vuln"
"132","Pinpine_coldspot","Abialba_hotspot",1,"mean_1980","vuln"
"133","Pinpine_hotspot","Abialba_hotspot",1,"mean_1980","vuln"
"134","Pinsylv_coldspot","Abialba_hotspot",1,"mean_1980","vuln"
"135","Pinsylv_hotspot","Abialba_hotspot",2.35587795051817e-06,"mean_1980","vuln"
"136","Abialba_hotspot","Pinpine_coldspot",NA,"mean_1980","vuln"
"137","Pinpine_coldspot","Pinpine_coldspot",NA,"mean_1980","vuln"
"138","Pinpine_hotspot","Pinpine_coldspot",1,"mean_1980","vuln"
"139","Pinsylv_coldspot","Pinpine_coldspot",1,"mean_1980","vuln"
"140","Pinsylv_hotspot","Pinpine_coldspot",0.000601200856185781,"mean_1980","vuln"
"141","Abialba_hotspot","Pinpine_hotspot",NA,"mean_1980","vuln"
"142","Pinpine_coldspot","Pinpine_hotspot",NA,"mean_1980","vuln"
"143","Pinpine_hotspot","Pinpine_hotspot",NA,"mean_1980","vuln"
"144","Pinsylv_coldspot","Pinpine_hotspot",1,"mean_1980","vuln"
"145","Pinsylv_hotspot","Pinpine_hotspot",3.84959380336272e-08,"mean_1980","vuln"
"146","Abialba_hotspot","Pinsylv_coldspot",NA,"mean_1980","vuln"
"147","Pinpine_coldspot","Pinsylv_coldspot",NA,"mean_1980","vuln"
"148","Pinpine_hotspot","Pinsylv_coldspot",NA,"mean_1980","vuln"
"149","Pinsylv_coldspot","Pinsylv_coldspot",NA,"mean_1980","vuln"
"150","Pinsylv_hotspot","Pinsylv_coldspot",1.14981625157816e-10,"mean_1980","vuln"
"151","Abialba_hotspot","Abialba_coldspot",0.000578769747659306,"mean_20","vuln"
"152","Pinpine_coldspot","Abialba_coldspot",0.0810668897348598,"mean_20","vuln"
"153","Pinpine_hotspot","Abialba_coldspot",4.16850379089305e-05,"mean_20","vuln"
"154","Pinsylv_coldspot","Abialba_coldspot",3.72568240899777e-05,"mean_20","vuln"
"155","Pinsylv_hotspot","Abialba_coldspot",1.43973034388555e-14,"mean_20","vuln"
"156","Abialba_hotspot","Abialba_hotspot",NA,"mean_20","vuln"
"157","Pinpine_coldspot","Abialba_hotspot",1,"mean_20","vuln"
"158","Pinpine_hotspot","Abialba_hotspot",1,"mean_20","vuln"
"159","Pinsylv_coldspot","Abialba_hotspot",1,"mean_20","vuln"
"160","Pinsylv_hotspot","Abialba_hotspot",5.32438019007633e-08,"mean_20","vuln"
"161","Abialba_hotspot","Pinpine_coldspot",NA,"mean_20","vuln"
"162","Pinpine_coldspot","Pinpine_coldspot",NA,"mean_20","vuln"
"163","Pinpine_hotspot","Pinpine_coldspot",1,"mean_20","vuln"
"164","Pinsylv_coldspot","Pinpine_coldspot",1,"mean_20","vuln"
"165","Pinsylv_hotspot","Pinpine_coldspot",2.41444967184655e-06,"mean_20","vuln"
"166","Abialba_hotspot","Pinpine_hotspot",NA,"mean_20","vuln"
"167","Pinpine_coldspot","Pinpine_hotspot",NA,"mean_20","vuln"
"168","Pinpine_hotspot","Pinpine_hotspot",NA,"mean_20","vuln"
"169","Pinsylv_coldspot","Pinpine_hotspot",1,"mean_20","vuln"
"170","Pinsylv_hotspot","Pinpine_hotspot",7.60983632196214e-13,"mean_20","vuln"
"171","Abialba_hotspot","Pinsylv_coldspot",NA,"mean_20","vuln"
"172","Pinpine_coldspot","Pinsylv_coldspot",NA,"mean_20","vuln"
"173","Pinpine_hotspot","Pinsylv_coldspot",NA,"mean_20","vuln"
"174","Pinsylv_coldspot","Pinsylv_coldspot",NA,"mean_20","vuln"
"175","Pinsylv_hotspot","Pinsylv_coldspot",1.43251907042194e-11,"mean_20","vuln"
"176","Abialba_hotspot","Abialba_coldspot",0.00522394238414486,"mean_15","vuln"
"177","Pinpine_coldspot","Abialba_coldspot",0.0508824734277705,"mean_15","vuln"
"178","Pinpine_hotspot","Abialba_coldspot",0.000128774319729396,"mean_15","vuln"
"179","Pinsylv_coldspot","Abialba_coldspot",0.000411201502353251,"mean_15","vuln"
"180","Pinsylv_hotspot","Abialba_coldspot",4.87329961358427e-14,"mean_15","vuln"
"181","Abialba_hotspot","Abialba_hotspot",NA,"mean_15","vuln"
"182","Pinpine_coldspot","Abialba_hotspot",1,"mean_15","vuln"
"183","Pinpine_hotspot","Abialba_hotspot",1,"mean_15","vuln"
"184","Pinsylv_coldspot","Abialba_hotspot",1,"mean_15","vuln"
"185","Pinsylv_hotspot","Abialba_hotspot",1.98465856667807e-08,"mean_15","vuln"
"186","Abialba_hotspot","Pinpine_coldspot",NA,"mean_15","vuln"
"187","Pinpine_coldspot","Pinpine_coldspot",NA,"mean_15","vuln"
"188","Pinpine_hotspot","Pinpine_coldspot",1,"mean_15","vuln"
"189","Pinsylv_coldspot","Pinpine_coldspot",1,"mean_15","vuln"
"190","Pinsylv_hotspot","Pinpine_coldspot",3.75972312220505e-06,"mean_15","vuln"
"191","Abialba_hotspot","Pinpine_hotspot",NA,"mean_15","vuln"
"192","Pinpine_coldspot","Pinpine_hotspot",NA,"mean_15","vuln"
"193","Pinpine_hotspot","Pinpine_hotspot",NA,"mean_15","vuln"
"194","Pinsylv_coldspot","Pinpine_hotspot",1,"mean_15","vuln"
"195","Pinsylv_hotspot","Pinpine_hotspot",4.39350148583311e-12,"mean_15","vuln"
"196","Abialba_hotspot","Pinsylv_coldspot",NA,"mean_15","vuln"
"197","Pinpine_coldspot","Pinsylv_coldspot",NA,"mean_15","vuln"
"198","Pinpine_hotspot","Pinsylv_coldspot",NA,"mean_15","vuln"
"199","Pinsylv_coldspot","Pinsylv_coldspot",NA,"mean_15","vuln"
"200","Pinsylv_hotspot","Pinsylv_coldspot",1.35346222709029e-12,"mean_15","vuln"
"201","Abialba_hotspot","Abialba_coldspot",0.050612503700191,"mean_10","vuln"
"202","Pinpine_coldspot","Abialba_coldspot",0.261756611521814,"mean_10","vuln"
"203","Pinpine_hotspot","Abialba_coldspot",0.00920874547451729,"mean_10","vuln"
"204","Pinsylv_coldspot","Abialba_coldspot",0.0151983701738745,"mean_10","vuln"
"205","Pinsylv_hotspot","Abialba_coldspot",1.98000015070473e-12,"mean_10","vuln"
"206","Abialba_hotspot","Abialba_hotspot",NA,"mean_10","vuln"
"207","Pinpine_coldspot","Abialba_hotspot",1,"mean_10","vuln"
"208","Pinpine_hotspot","Abialba_hotspot",1,"mean_10","vuln"
"209","Pinsylv_coldspot","Abialba_hotspot",1,"mean_10","vuln"
"210","Pinsylv_hotspot","Abialba_hotspot",9.79824711660725e-08,"mean_10","vuln"
"211","Abialba_hotspot","Pinpine_coldspot",NA,"mean_10","vuln"
"212","Pinpine_coldspot","Pinpine_coldspot",NA,"mean_10","vuln"
"213","Pinpine_hotspot","Pinpine_coldspot",1,"mean_10","vuln"
"214","Pinsylv_coldspot","Pinpine_coldspot",1,"mean_10","vuln"
"215","Pinsylv_hotspot","Pinpine_coldspot",7.00757802518628e-06,"mean_10","vuln"
"216","Abialba_hotspot","Pinpine_hotspot",NA,"mean_10","vuln"
"217","Pinpine_coldspot","Pinpine_hotspot",NA,"mean_10","vuln"
"218","Pinpine_hotspot","Pinpine_hotspot",NA,"mean_10","vuln"
"219","Pinsylv_coldspot","Pinpine_hotspot",1,"mean_10","vuln"
"220","Pinsylv_hotspot","Pinpine_hotspot",3.57394564500937e-12,"mean_10","vuln"
"221","Abialba_hotspot","Pinsylv_coldspot",NA,"mean_10","vuln"
"222","Pinpine_coldspot","Pinsylv_coldspot",NA,"mean_10","vuln"
"223","Pinpine_hotspot","Pinsylv_coldspot",NA,"mean_10","vuln"
"224","Pinsylv_coldspot","Pinsylv_coldspot",NA,"mean_10","vuln"
"225","Pinsylv_hotspot","Pinsylv_coldspot",1.03908161323412e-12,"mean_10","vuln"
"226","Abialba_hotspot","Abialba_coldspot",0.126159913316968,"mean_05","vuln"
"227","Pinpine_coldspot","Abialba_coldspot",1,"mean_05","vuln"
"228","Pinpine_hotspot","Abialba_coldspot",0.183250358703438,"mean_05","vuln"
"229","Pinsylv_coldspot","Abialba_coldspot",0.754493347761483,"mean_05","vuln"
"230","Pinsylv_hotspot","Abialba_coldspot",4.31560994845634e-09,"mean_05","vuln"
"231","Abialba_hotspot","Abialba_hotspot",NA,"mean_05","vuln"
"232","Pinpine_coldspot","Abialba_hotspot",1,"mean_05","vuln"
"233","Pinpine_hotspot","Abialba_hotspot",1,"mean_05","vuln"
"234","Pinsylv_coldspot","Abialba_hotspot",1,"mean_05","vuln"
"235","Pinsylv_hotspot","Abialba_hotspot",0.000419498328344943,"mean_05","vuln"
"236","Abialba_hotspot","Pinpine_coldspot",NA,"mean_05","vuln"
"237","Pinpine_coldspot","Pinpine_coldspot",NA,"mean_05","vuln"
"238","Pinpine_hotspot","Pinpine_coldspot",1,"mean_05","vuln"
"239","Pinsylv_coldspot","Pinpine_coldspot",1,"mean_05","vuln"
"240","Pinsylv_hotspot","Pinpine_coldspot",0.000397891416069624,"mean_05","vuln"
"241","Abialba_hotspot","Pinpine_hotspot",NA,"mean_05","vuln"
"242","Pinpine_coldspot","Pinpine_hotspot",NA,"mean_05","vuln"
"243","Pinpine_hotspot","Pinpine_hotspot",NA,"mean_05","vuln"
"244","Pinsylv_coldspot","Pinpine_hotspot",1,"mean_05","vuln"
"245","Pinsylv_hotspot","Pinpine_hotspot",3.19429753105739e-08,"mean_05","vuln"
"246","Abialba_hotspot","Pinsylv_coldspot",NA,"mean_05","vuln"
"247","Pinpine_coldspot","Pinsylv_coldspot",NA,"mean_05","vuln"
"248","Pinpine_hotspot","Pinsylv_coldspot",NA,"mean_05","vuln"
"249","Pinsylv_coldspot","Pinsylv_coldspot",NA,"mean_05","vuln"
"250","Pinsylv_hotspot","Pinsylv_coldspot",2.59854483067781e-10,"mean_05","vuln"
"251","Abialba_hotspot","Abialba_coldspot",0.496741239457421,"Rt12","vuln"
"252","Pinpine_coldspot","Abialba_coldspot",6.38225680380557e-05,"Rt12","vuln"
"253","Pinpine_hotspot","Abialba_coldspot",0.0583797480146217,"Rt12","vuln"
"254","Pinsylv_coldspot","Abialba_coldspot",0.018254158402552,"Rt12","vuln"
"255","Pinsylv_hotspot","Abialba_coldspot",0.203092789858443,"Rt12","vuln"
"256","Abialba_hotspot","Abialba_hotspot",NA,"Rt12","vuln"
"257","Pinpine_coldspot","Abialba_hotspot",2.19463472435524e-07,"Rt12","vuln"
"258","Pinpine_hotspot","Abialba_hotspot",1.18163424954766e-05,"Rt12","vuln"
"259","Pinsylv_coldspot","Abialba_hotspot",1,"Rt12","vuln"
"260","Pinsylv_hotspot","Abialba_hotspot",0.00022990359213063,"Rt12","vuln"
"261","Abialba_hotspot","Pinpine_coldspot",NA,"Rt12","vuln"
"262","Pinpine_coldspot","Pinpine_coldspot",NA,"Rt12","vuln"
"263","Pinpine_hotspot","Pinpine_coldspot",0.178420436579235,"Rt12","vuln"
"264","Pinsylv_coldspot","Pinpine_coldspot",1.87374998074984e-07,"Rt12","vuln"
"265","Pinsylv_hotspot","Pinpine_coldspot",0.649652317664411,"Rt12","vuln"
"266","Abialba_hotspot","Pinpine_hotspot",NA,"Rt12","vuln"
"267","Pinpine_coldspot","Pinpine_hotspot",NA,"Rt12","vuln"
"268","Pinpine_hotspot","Pinpine_hotspot",NA,"Rt12","vuln"
"269","Pinsylv_coldspot","Pinpine_hotspot",7.70537532442011e-10,"Rt12","vuln"
"270","Pinsylv_hotspot","Pinpine_hotspot",1,"Rt12","vuln"
"271","Abialba_hotspot","Pinsylv_coldspot",NA,"Rt12","vuln"
"272","Pinpine_coldspot","Pinsylv_coldspot",NA,"Rt12","vuln"
"273","Pinpine_hotspot","Pinsylv_coldspot",NA,"Rt12","vuln"
"274","Pinsylv_coldspot","Pinsylv_coldspot",NA,"Rt12","vuln"
"275","Pinsylv_hotspot","Pinsylv_coldspot",6.21037417532416e-10,"Rt12","vuln"
"276","Abialba_hotspot","Abialba_coldspot",1,"Rt17","vuln"
"277","Pinpine_coldspot","Abialba_coldspot",0.000728214246229846,"Rt17","vuln"
"278","Pinpine_hotspot","Abialba_coldspot",0.0647700675750762,"Rt17","vuln"
"279","Pinsylv_coldspot","Abialba_coldspot",1,"Rt17","vuln"
"280","Pinsylv_hotspot","Abialba_coldspot",0.130877430882198,"Rt17","vuln"
"281","Abialba_hotspot","Abialba_hotspot",NA,"Rt17","vuln"
"282","Pinpine_coldspot","Abialba_hotspot",1.1556759780125e-05,"Rt17","vuln"
"283","Pinpine_hotspot","Abialba_hotspot",0.00128557170413528,"Rt17","vuln"
"284","Pinsylv_coldspot","Abialba_hotspot",1,"Rt17","vuln"
"285","Pinsylv_hotspot","Abialba_hotspot",0.893863133811498,"Rt17","vuln"
"286","Abialba_hotspot","Pinpine_coldspot",NA,"Rt17","vuln"
"287","Pinpine_coldspot","Pinpine_coldspot",NA,"Rt17","vuln"
"288","Pinpine_hotspot","Pinpine_coldspot",1,"Rt17","vuln"
"289","Pinsylv_coldspot","Pinpine_coldspot",7.609917132493e-05,"Rt17","vuln"
"290","Pinsylv_hotspot","Pinpine_coldspot",1.33738486534072e-05,"Rt17","vuln"
"291","Abialba_hotspot","Pinpine_hotspot",NA,"Rt17","vuln"
"292","Pinpine_coldspot","Pinpine_hotspot",NA,"Rt17","vuln"
"293","Pinpine_hotspot","Pinpine_hotspot",NA,"Rt17","vuln"
"294","Pinsylv_coldspot","Pinpine_hotspot",3.91078676589274e-05,"Rt17","vuln"
"295","Pinsylv_hotspot","Pinpine_hotspot",1.19877862116266e-07,"Rt17","vuln"
"296","Abialba_hotspot","Pinsylv_coldspot",NA,"Rt17","vuln"
"297","Pinpine_coldspot","Pinsylv_coldspot",NA,"Rt17","vuln"
"298","Pinpine_hotspot","Pinsylv_coldspot",NA,"Rt17","vuln"
"299","Pinsylv_coldspot","Pinsylv_coldspot",NA,"Rt17","vuln"
"300","Pinsylv_hotspot","Pinsylv_coldspot",0.930415815561763,"Rt17","vuln"
"301","Abialba_hotspot","Abialba_coldspot",1,"Rt22","vuln"
"302","Pinpine_coldspot","Abialba_coldspot",8.49162461792223e-09,"Rt22","vuln"
"303","Pinpine_hotspot","Abialba_coldspot",3.73018789587964e-12,"Rt22","vuln"
"304","Pinsylv_coldspot","Abialba_coldspot",4.04002497746406e-11,"Rt22","vuln"
"305","Pinsylv_hotspot","Abialba_coldspot",8.01982395597607e-10,"Rt22","vuln"
"306","Abialba_hotspot","Abialba_hotspot",NA,"Rt22","vuln"
"307","Pinpine_coldspot","Abialba_hotspot",8.7210816233016e-10,"Rt22","vuln"
"308","Pinpine_hotspot","Abialba_hotspot",4.33097957209891e-12,"Rt22","vuln"
"309","Pinsylv_coldspot","Abialba_hotspot",1.86182983237685e-11,"Rt22","vuln"
"310","Pinsylv_hotspot","Abialba_hotspot",3.46023921373455e-09,"Rt22","vuln"
"311","Abialba_hotspot","Pinpine_coldspot",NA,"Rt22","vuln"
"312","Pinpine_coldspot","Pinpine_coldspot",NA,"Rt22","vuln"
"313","Pinpine_hotspot","Pinpine_coldspot",1,"Rt22","vuln"
"314","Pinsylv_coldspot","Pinpine_coldspot",0.0242640874938681,"Rt22","vuln"
"315","Pinsylv_hotspot","Pinpine_coldspot",0.0994234752813372,"Rt22","vuln"
"316","Abialba_hotspot","Pinpine_hotspot",NA,"Rt22","vuln"
"317","Pinpine_coldspot","Pinpine_hotspot",NA,"Rt22","vuln"
"318","Pinpine_hotspot","Pinpine_hotspot",NA,"Rt22","vuln"
"319","Pinsylv_coldspot","Pinpine_hotspot",1.61904334596265e-07,"Rt22","vuln"
"320","Pinsylv_hotspot","Pinpine_hotspot",2.28106585268206e-06,"Rt22","vuln"
"321","Abialba_hotspot","Pinsylv_coldspot",NA,"Rt22","vuln"
"322","Pinpine_coldspot","Pinsylv_coldspot",NA,"Rt22","vuln"
"323","Pinpine_hotspot","Pinsylv_coldspot",NA,"Rt22","vuln"
"324","Pinsylv_coldspot","Pinsylv_coldspot",NA,"Rt22","vuln"
"325","Pinsylv_hotspot","Pinsylv_coldspot",1,"Rt22","vuln"
"326","Abialba_hotspot","Abialba_coldspot",0.265458984365512,"Rs12","vuln"
"327","Pinpine_coldspot","Abialba_coldspot",0.000200114906139815,"Rs12","vuln"
"328","Pinpine_hotspot","Abialba_coldspot",9.50506003466143e-07,"Rs12","vuln"
"329","Pinsylv_coldspot","Abialba_coldspot",0.333019793103853,"Rs12","vuln"
"330","Pinsylv_hotspot","Abialba_coldspot",0.0711840530099253,"Rs12","vuln"
"331","Abialba_hotspot","Abialba_hotspot",NA,"Rs12","vuln"
"332","Pinpine_coldspot","Abialba_hotspot",0.0022599232634213,"Rs12","vuln"
"333","Pinpine_hotspot","Abialba_hotspot",2.46423526042445e-05,"Rs12","vuln"
"334","Pinsylv_coldspot","Abialba_hotspot",1,"Rs12","vuln"
"335","Pinsylv_hotspot","Abialba_hotspot",3.41076319209817e-08,"Rs12","vuln"
"336","Abialba_hotspot","Pinpine_coldspot",NA,"Rs12","vuln"
"337","Pinpine_coldspot","Pinpine_coldspot",NA,"Rs12","vuln"
"338","Pinpine_hotspot","Pinpine_coldspot",1,"Rs12","vuln"
"339","Pinsylv_coldspot","Pinpine_coldspot",0.0124965465431522,"Rs12","vuln"
"340","Pinsylv_hotspot","Pinpine_coldspot",8.70967853030862e-10,"Rs12","vuln"
"341","Abialba_hotspot","Pinpine_hotspot",NA,"Rs12","vuln"
"342","Pinpine_coldspot","Pinpine_hotspot",NA,"Rs12","vuln"
"343","Pinpine_hotspot","Pinpine_hotspot",NA,"Rs12","vuln"
"344","Pinsylv_coldspot","Pinpine_hotspot",4.1437030701963e-06,"Rs12","vuln"
"345","Pinsylv_hotspot","Pinpine_hotspot",1.92754267777161e-21,"Rs12","vuln"
"346","Abialba_hotspot","Pinsylv_coldspot",NA,"Rs12","vuln"
"347","Pinpine_coldspot","Pinsylv_coldspot",NA,"Rs12","vuln"
"348","Pinpine_hotspot","Pinsylv_coldspot",NA,"Rs12","vuln"
"349","Pinsylv_coldspot","Pinsylv_coldspot",NA,"Rs12","vuln"
"350","Pinsylv_hotspot","Pinsylv_coldspot",1.31461836577523e-11,"Rs12","vuln"
"351","Abialba_hotspot","Abialba_coldspot",1,"Rs17","vuln"
"352","Pinpine_coldspot","Abialba_coldspot",1,"Rs17","vuln"
"353","Pinpine_hotspot","Abialba_coldspot",1,"Rs17","vuln"
"354","Pinsylv_coldspot","Abialba_coldspot",3.28259284346351e-05,"Rs17","vuln"
"355","Pinsylv_hotspot","Abialba_coldspot",7.68165948327289e-09,"Rs17","vuln"
"356","Abialba_hotspot","Abialba_hotspot",NA,"Rs17","vuln"
"357","Pinpine_coldspot","Abialba_hotspot",1,"Rs17","vuln"
"358","Pinpine_hotspot","Abialba_hotspot",1,"Rs17","vuln"
"359","Pinsylv_coldspot","Abialba_hotspot",0.000418529889437291,"Rs17","vuln"
"360","Pinsylv_hotspot","Abialba_hotspot",4.10413608292804e-07,"Rs17","vuln"
"361","Abialba_hotspot","Pinpine_coldspot",NA,"Rs17","vuln"
"362","Pinpine_coldspot","Pinpine_coldspot",NA,"Rs17","vuln"
"363","Pinpine_hotspot","Pinpine_coldspot",1,"Rs17","vuln"
"364","Pinsylv_coldspot","Pinpine_coldspot",2.42023669079078e-06,"Rs17","vuln"
"365","Pinsylv_hotspot","Pinpine_coldspot",8.26374588126193e-08,"Rs17","vuln"
"366","Abialba_hotspot","Pinpine_hotspot",NA,"Rs17","vuln"
"367","Pinpine_coldspot","Pinpine_hotspot",NA,"Rs17","vuln"
"368","Pinpine_hotspot","Pinpine_hotspot",NA,"Rs17","vuln"
"369","Pinsylv_coldspot","Pinpine_hotspot",2.87890779594304e-09,"Rs17","vuln"
"370","Pinsylv_hotspot","Pinpine_hotspot",3.63842356801715e-14,"Rs17","vuln"
"371","Abialba_hotspot","Pinsylv_coldspot",NA,"Rs17","vuln"
"372","Pinpine_coldspot","Pinsylv_coldspot",NA,"Rs17","vuln"
"373","Pinpine_hotspot","Pinsylv_coldspot",NA,"Rs17","vuln"
"374","Pinsylv_coldspot","Pinsylv_coldspot",NA,"Rs17","vuln"
"375","Pinsylv_hotspot","Pinsylv_coldspot",0.000557871440400876,"Rs17","vuln"
