"","variable","Abialba_coldspot","Abialba_hotspot","Pinpine_coldspot","Pinpine_hotspot","Pinsylv_coldspot","Pinsylv_hotspot","all_coldspot","all_hotspot"
"1","height","29.79 ± 0.61 [22.40, 37.41]","25.68 ± 0.68 [16.04, 35.42]","16.02 ± 0.63 [12.43, 21.55]","12.94 ± 0.45 [5.82, 18.64]","17.25 ± 0.43 [10.40, 28.82]","14.65 ± 0.20 [10.61, 19.74]","20.58 ± 0.52 [10.60, 35.61]","16.54 ± 0.36 [8.12, 30.94]"
"2","dbh","60.84 ± 1.95 [38.60, 93.21]","47.83 ± 1.90 [24.93, 73.38]","51.72 ± 1.95 [40.37, 71.91]","46.76 ± 1.12 [30.54, 66.42]","41.32 ± 0.82 [28.20, 65.39]","39.39 ± 0.72 [25.16, 57.26]","47.99 ± 0.99 [28.32, 83.44]","42.96 ± 0.66 [25.35, 65.45]"
"3","percent_c","47.92 ± 0.15 [45.85, 49.94]","47.47 ± 0.18 [44.26, 49.88]","47.20 ± 0.58 [40.67, 49.50]","47.49 ± 0.22 [41.40, 49.53]","48.37 ± 0.21 [44.01, 52.26]","49.53 ± 0.16 [45.96, 52.55]","48.12 ± 0.15 [43.96, 51.67]","48.60 ± 0.13 [44.35, 52.41]"
"4","percent_n","1.17 ± 0.02 [0.86, 1.46]","1.16 ± 0.02 [0.91, 1.46]","0.94 ± 0.04 [0.80, 1.39]","0.98 ± 0.02 [0.78, 1.39]","1.68 ± 0.07 [0.89, 3.21]","1.53 ± 0.04 [0.98, 2.65]","1.45 ± 0.05 [0.83, 3.20]","1.32 ± 0.03 [0.83, 2.63]"
"5","cn_ratio","41.73 ± 0.79 [33.18, 55.37]","41.49 ± 0.74 [33.01, 51.11]","51.60 ± 1.95 [29.39, 58.77]","49.36 ± 0.88 [29.79, 60.72]","34.28 ± 1.15 [13.19, 52.65]","35.53 ± 0.83 [17.81, 52.03]","38.23 ± 0.85 [14.44, 57.06]","40.16 ± 0.63 [18.21, 57.64]"
"6","sla_22","55.76 ± 2.47 [30.06, 98.14]","44.70 ± 1.06 [34.08, 69.29]","44.86 ± 0.86 [39.51, 51.79]","42.21 ± 0.51 [34.70, 49.29]","46.95 ± 1.13 [30.31, 70.03]","45.88 ± 0.93 [28.64, 62.56]","49.45 ± 1.06 [30.16, 83.05]","44.72 ± 0.57 [30.53, 62.58]"
"7","age","87.74 ± 5.79 [31.02, 176.62]","83.26 ± 3.42 [50.75, 129.20]","126.45 ± 5.00 [89.75, 162.05]","120.73 ± 4.18 [58.00, 173.85]","90.54 ± 3.01 [37.80, 157.50]","123.42 ± 3.51 [50.55, 204.35]","93.89 ± 2.59 [35.45, 162.55]","116.03 ± 2.53 [50.85, 195.45]"
"8","hegyi_index","15.41 ± 1.94 [3.14, 45.73]","15.64 ± 1.24 [5.29, 32.57]","25.17 ± 3.20 [7.58, 54.94]","30.03 ± 1.76 [8.19, 58.68]","12.30 ± 0.45 [4.72, 23.28]","14.98 ± 0.65 [4.22, 33.15]","14.41 ± 0.74 [3.62, 45.27]","18.93 ± 0.74 [4.26, 51.44]"
"9","wc_22","50.47 ± 0.55 [44.84, 59.25]","49.32 ± 0.76 [41.80, 65.62]","54.18 ± 0.89 [45.71, 59.22]","54.57 ± 0.23 [51.31, 58.70]","56.24 ± 0.37 [50.48, 62.32]","52.85 ± 0.31 [43.57, 59.16]","54.36 ± 0.34 [45.82, 61.19]","52.51 ± 0.27 [42.70, 59.17]"
"10","total_chl_fw_22","1538.08 ± 47.71 [840.24, 2336.47]","1371.47 ± 43.77 [809.82, 1969.02]","634.98 ± 31.34 [359.97, 818.50]","669.83 ± 20.16 [352.78, 940.36]","1184.54 ± 32.01 [685.77, 1906.11]","1103.20 ± 22.93 [690.66, 1737.97]","1232.59 ± 30.11 [495.64, 2081.53]","1052.00 ± 22.10 [483.88, 1865.34]"
"11","chla_chlb_22","2.19 ± 0.05 [1.49, 2.80]","2.04 ± 0.04 [1.65, 2.53]","2.11 ± 0.04 [1.86, 2.42]","2.08 ± 0.03 [1.63, 2.44]","2.29 ± 0.02 [1.69, 2.73]","2.19 ± 0.02 [1.61, 2.55]","2.24 ± 0.02 [1.64, 2.74]","2.13 ± 0.02 [1.63, 2.54]"
"12","xc_fw_22","54.10 ± 1.33 [34.45, 75.43]","53.63 ± 1.12 [34.61, 68.54]","26.44 ± 0.96 [17.00, 32.23]","27.56 ± 0.63 [15.20, 35.36]","40.10 ± 0.96 [24.44, 60.01]","37.59 ± 0.58 [25.45, 52.06]","42.82 ± 0.92 [23.20, 70.87]","38.47 ± 0.69 [21.99, 63.67]"
"13","chl_xc_22","28.25 ± 0.33 [23.73, 32.97]","25.41 ± 0.52 [17.70, 31.53]","23.83 ± 0.52 [19.59, 27.42]","24.13 ± 0.36 [19.55, 30.88]","29.57 ± 0.37 [22.66, 38.24]","29.22 ± 0.31 [22.36, 36.39]","28.61 ± 0.28 [21.67, 36.95]","27.16 ± 0.26 [20.01, 35.40]"
"14","leaf_d13c","-29.26 ± 0.15 [-31.82, -27.17]","-28.53 ± 0.16 [-30.72, -25.88]","-25.03 ± 0.32 [-27.19, -22.31]","-25.18 ± 0.16 [-27.12, -22.20]","-26.95 ± 0.14 [-30.10, -24.67]","-26.73 ± 0.12 [-30.21, -24.50]","-27.44 ± 0.14 [-30.74, -24.05]","-26.73 ± 0.11 [-30.50, -23.33]"
"15","leaf_d15n","-3.83 ± 0.22 [-6.74, -1.09]","-3.14 ± 0.16 [-5.28, -0.44]","-4.63 ± 0.37 [-6.96, -1.74]","-3.93 ± 0.20 [-7.49, -1.10]","-4.90 ± 0.21 [-8.62, -0.81]","-6.17 ± 0.15 [-9.64, -2.59]","-4.56 ± 0.15 [-8.55, -0.86]","-4.98 ± 0.13 [-8.93, -1.27]"
"16","leaf_d18o","29.01 ± 0.16 [25.86, 31.14]","28.70 ± 0.19 [26.42, 31.47]","28.35 ± 0.14 [26.82, 29.09]","28.81 ± 0.14 [26.77, 31.17]","29.18 ± 0.15 [26.10, 32.16]","28.75 ± 0.20 [23.83, 32.99]","29.04 ± 0.11 [26.02, 31.96]","28.75 ± 0.12 [24.96, 32.72]"
"17","mean_1980","2302.34 ± 181.29 [668.56, 4608.11]","982.32 ± 96.18 [235.45, 2091.95]","1035.69 ± 128.33 [414.41, 2289.64]","879.45 ± 47.36 [304.26, 1744.67]","1073.56 ± 62.79 [257.12, 2244.04]","568.11 ± 32.16 [161.92, 1522.31]","1357.65 ± 72.04 [272.79, 4283.33]","721.64 ± 29.54 [162.65, 1752.16]"
"18","mean_05","1256.38 ± 135.51 [300.90, 3226.24]","768.14 ± 70.52 [234.61, 1851.27]","827.32 ± 74.27 [353.69, 1496.06]","817.20 ± 51.35 [235.15, 1858.68]","940.56 ± 55.70 [166.33, 2346.76]","502.13 ± 35.73 [90.54, 1510.28]","1001.61 ± 49.91 [174.77, 2548.99]","633.18 ± 28.71 [102.61, 1836.32]"
"19","Rt12","0.76 ± 0.03 [0.49, 1.06]","0.85 ± 0.03 [0.56, 1.17]","0.53 ± 0.04 [0.26, 0.85]","0.64 ± 0.02 [0.33, 0.94]","0.89 ± 0.02 [0.44, 1.35]","0.65 ± 0.03 [0.16, 1.25]","0.82 ± 0.02 [0.37, 1.29]","0.68 ± 0.02 [0.18, 1.18]"
"20","Rt17","0.86 ± 0.03 [0.61, 1.35]","0.89 ± 0.03 [0.61, 1.22]","0.66 ± 0.03 [0.41, 0.87]","0.74 ± 0.02 [0.40, 1.11]","0.91 ± 0.02 [0.43, 1.41]","0.98 ± 0.03 [0.36, 1.66]","0.87 ± 0.02 [0.44, 1.38]","0.90 ± 0.02 [0.39, 1.59]"
"21","Rt22","0.59 ± 0.03 [0.35, 0.99]","0.60 ± 0.02 [0.25, 0.77]","1.12 ± 0.06 [0.69, 1.55]","1.33 ± 0.06 [0.50, 2.30]","0.91 ± 0.02 [0.56, 1.43]","0.94 ± 0.03 [0.40, 1.62]","0.86 ± 0.02 [0.39, 1.42]","1.00 ± 0.03 [0.39, 2.01]"
"22","Rs12","0.84 ± 0.04 [0.51, 1.44]","0.94 ± 0.03 [0.63, 1.31]","1.18 ± 0.06 [0.85, 1.78]","1.16 ± 0.03 [0.73, 1.53]","0.96 ± 0.03 [0.54, 1.75]","0.70 ± 0.02 [0.35, 1.05]","0.96 ± 0.02 [0.51, 1.66]","0.87 ± 0.02 [0.41, 1.49]"
"23","Rs17","0.85 ± 0.04 [0.41, 1.48]","0.89 ± 0.05 [0.60, 1.49]","0.74 ± 0.03 [0.45, 1.00]","0.82 ± 0.03 [0.51, 1.21]","1.09 ± 0.03 [0.55, 1.62]","1.41 ± 0.06 [0.61, 2.75]","0.99 ± 0.02 [0.46, 1.57]","1.16 ± 0.04 [0.53, 2.50]"
