"","vigor_id","emmean","SE","df","lower.CL","upper.CL","variable","significant","sp_id"
"1","hot_healthy",23.9758620689655,0.898213745923527,51,22.1726227303749,25.7791014075562,"height","yes","Abialba"
"2","hot_damaged",27.5875,0.98735442107544,51,25.6053032886994,29.5696967113006,"height","yes","Abialba"
"3","hot_healthy",43.6428571428571,2.58225927584491,50,38.4562367445521,48.8294775411621,"dbh","no","Abialba"
"4","hot_damaged",52.2458333333333,2.78915879713489,50,46.6436430162521,57.8480236504146,"dbh","no","Abialba"
"5","hot_healthy",14.1278828857572,1.77974484355115,46,10.5454423229735,17.7103234485409,"hegyi_index","no","Abialba"
"6","hot_damaged",17.4198122894899,1.85551226612084,46,13.6848598152743,21.1547647637056,"hegyi_index","no","Abialba"
"7","hot_healthy",50.2722731325097,1.05878346543179,51,48.1466766310301,52.3978696339893,"wc_22","no","Abialba"
"8","hot_damaged",48.2877421975256,1.16385942689042,51,45.9511969011713,50.6242874938799,"wc_22","no","Abialba"
"9","hot_healthy",47.5778607886987,0.247664059293128,51,47.0806544427713,48.0750671346261,"percent_c","no","Abialba"
"10","hot_damaged",47.4031246181596,0.272242776281649,51,46.8565744389108,47.9496747974083,"percent_c","no","Abialba"
"11","hot_healthy",1.17946979521476,0.0279441243297107,51,1.12336962473474,1.23556996569477,"percent_n","no","Abialba"
"12","hot_damaged",1.15895123665744,0.030717359676625,51,1.0972835639037,1.22061890941119,"percent_n","no","Abialba"
"13","hot_healthy",41.1415924253861,1.01688215925362,51,39.1001163061448,43.1830685446274,"cn","no","Abialba"
"14","hot_damaged",41.3444294376246,1.11779974444667,51,39.1003528122103,43.588506063039,"cn","no","Abialba"
"15","hot_healthy",46.3201183377234,1.45645820883747,51,43.396156475518,49.2440801999288,"sla_22","no","Abialba"
"16","hot_damaged",42.7675727926607,1.60100027207748,51,39.5534306301667,45.9817149551547,"sla_22","no","Abialba"
"17","hot_healthy",73.9565217391305,3.66260587417483,36,66.5284127377607,81.3846307405002,"age","yes","Abialba"
"18","hot_damaged",94.2,4.53532564916361,36,85.0019332584385,103.398066741562,"age","yes","Abialba"
"19","hot_healthy",906.078092952716,45.5060229538572,51,814.720939818932,997.435246086499,"chlor_a_fw_22","no","Abialba"
"20","hot_damaged",968.767714945515,50.0221391099449,51,868.344080311908,1069.19134957912,"chlor_a_fw_22","no","Abialba"
"21","hot_healthy",442.241292892878,15.5955935360595,51,410.931832421442,473.550753364314,"chlor_b_fw_22","no","Abialba"
"22","hot_damaged",462.471989213955,17.1433339748008,51,428.055310157041,496.888668270869,"chlor_b_fw_22","no","Abialba"
"23","hot_healthy",1348.31938584559,59.6709104760912,51,1228.52503441382,1468.11373727736,"total_chl_fw_22","no","Abialba"
"24","hot_damaged",1431.23970415947,65.5927807112201,51,1299.55670215374,1562.9227061652,"total_chl_fw_22","no","Abialba"
"25","hot_healthy",53.494139871891,1.4869354758266,51,50.5089923431147,56.4792874006674,"xc_fw_22","no","Abialba"
"26","hot_damaged",54.9469953422702,1.6345021689707,51,51.6655953152986,58.2283953692418,"xc_fw_22","no","Abialba"
"27","hot_healthy",2.03048083821086,0.0499525384847376,51,1.93019693266283,2.1307647437589,"chla_chlb_22","no","Abialba"
"28","hot_damaged",2.07196066408308,0.0549099364607652,51,1.96172436681537,2.18219696135078,"chla_chlb_22","no","Abialba"
"29","hot_healthy",25.199767680453,0.72738587313884,51,23.7394796067824,26.6600557541235,"chl_xc_22","no","Abialba"
"30","hot_damaged",25.721857794764,0.799573220662555,51,24.1166475737827,27.3270680157453,"chl_xc_22","no","Abialba"
"31","hot_healthy",-28.3127475452516,0.222026692841428,51,-28.758484730377,-27.8670103601263,"leaf_d13c","no","Abialba"
"32","hot_damaged",-28.7288733651294,0.244061102124801,51,-29.2188464727205,-28.2389002575382,"leaf_d13c","no","Abialba"
"33","hot_healthy",-3.00445913833025,0.219841990227929,51,-3.44581034994577,-2.56310792671472,"leaf_d15n","no","Abialba"
"34","hot_damaged",-3.29454704582861,0.241659584898014,51,-3.77969890641112,-2.80939518524609,"leaf_d15n","no","Abialba"
"35","hot_healthy",19.5596476232115,0.310513621982156,51,18.9362655152581,20.1830297311648,"leaf_d18o_corrected","no","Abialba"
"36","hot_damaged",20.0064514464439,0.341329665527443,51,19.3212035496036,20.6916993432841,"leaf_d18o_corrected","no","Abialba"
"37","hot_healthy",897.23647826087,122.546696827431,36,648.700257585188,1145.77269893655,"mean_1980","no","Abialba"
"38","hot_damaged",1044.4258,151.746924576464,36,736.668772599241,1352.18282740076,"mean_1980","no","Abialba"
"39","hot_healthy",804.585913043478,83.0364649121334,35,636.012927291475,973.158898795481,"mean_05","no","Abialba"
"40","hot_damaged",631.657714285714,106.431149313062,35,415.590994252471,847.724434318958,"mean_05","no","Abialba"
"41","hot_healthy",0.807629698011061,0.0332736046326185,35,0.740080689444915,0.875178706577207,"Rt12","no","Abialba"
"42","hot_damaged",0.894334735747668,0.0426481063058906,35,0.807754477011216,0.98091499448412,"Rt12","no","Abialba"
"43","hot_healthy",0.897780662847771,0.0344452466156489,35,0.827853094602804,0.967708231092738,"Rt17","no","Abialba"
"44","hot_damaged",0.888724858534461,0.0441498465710779,35,0.799095904979479,0.978353812089442,"Rt17","no","Abialba"
"45","hot_healthy",0.6459116649951,0.0263929684682033,33,0.592214766901443,0.699608563088758,"Rt22","no","Abialba"
"46","hot_damaged",0.554081992621629,0.0343342767288348,33,0.484228381389956,0.623935603853302,"Rt22","no","Abialba"
"47","hot_healthy",0.933994762063048,0.04412577191387,35,0.844414682660534,1.02357484146556,"Rs12","no","Abialba"
"48","hot_damaged",0.937620394166388,0.0565577619915391,35,0.822802033143268,1.05243875518951,"Rs12","no","Abialba"
"49","hot_healthy",0.877588025110342,0.0619632088131865,33,0.751522928900866,1.00365312131982,"Rs17","no","Abialba"
"50","hot_damaged",0.913849075400928,0.0806071496262937,33,0.749852596402446,1.07784555439941,"Rs17","no","Abialba"
"51","hot_healthy",14.8255813953488,0.359460158494193,122,14.113994109273,15.5371686814247,"height","no","Pinsylv"
"52","hot_damaged",14.3814814814815,0.261904210140169,122,13.8630159389129,14.8999470240501,"height","no","Pinsylv"
"53","hot_healthy",40.7488372093023,1.35448106371868,123,38.0677249935513,43.4299494250534,"dbh","no","Pinsylv"
"54","hot_damaged",38.490243902439,0.980844676639925,123,36.5487220054302,40.4317657994479,"dbh","no","Pinsylv"
"55","hot_healthy",17.0769231907797,1.17644541287542,121,14.7478391938033,19.4060071877562,"hegyi_index","yes","Pinsylv"
"56","hot_damaged",13.6609151873295,0.862503795697821,121,11.9533614275836,15.3684689470754,"hegyi_index","yes","Pinsylv"
"57","hot_healthy",54.073513317615,0.523243229892233,123,53.0377854266531,55.1092412085768,"wc_22","yes","Pinsylv"
"58","hot_damaged",52.2787802270162,0.378905508814313,123,51.5287600048742,53.0288004491582,"wc_22","yes","Pinsylv"
"59","hot_healthy",49.8717035141042,0.3014523804326,123,49.2749970105624,50.4684100176459,"percent_c","no","Pinsylv"
"60","hot_damaged",49.4698593485721,0.218296121317471,123,49.0377555612305,49.9019631359137,"percent_c","no","Pinsylv"
"61","hot_healthy",1.43851934483097,0.0769014273033347,123,1.28629768468786,1.59074100497408,"percent_n","no","Pinsylv"
"62","hot_damaged",1.53433481045874,0.055688010424747,123,1.42410380832811,1.64456581258936,"percent_n","no","Pinsylv"
"63","hot_healthy",36.7930593466193,1.47449719550402,123,33.8743825567771,39.7117361364615,"cn","no","Pinsylv"
"64","hot_damaged",35.5771424442313,1.06775411164479,123,33.4635886494742,37.6906962389885,"cn","no","Pinsylv"
"65","hot_healthy",42.9807216992231,1.82162330081111,111,39.3710535224228,46.5903898760235,"sla_22","no","Pinsylv"
"66","hot_damaged",46.765605474738,1.16995874848172,111,44.4472541115977,49.0839568378783,"sla_22","no","Pinsylv"
"67","hot_healthy",112.609756097561,6.06402935665128,115,100.598081018431,124.621431176691,"age","no","Pinsylv"
"68","hot_damaged",125.407894736842,4.45396117838626,115,116.585454846911,134.230334626774,"age","no","Pinsylv"
"69","hot_healthy",854.299594673328,28.4639775292619,122,797.952308215155,910.646881131501,"chlor_a_fw_22","yes","Pinsylv"
"70","hot_damaged",723.976464323034,20.7389758672498,122,682.92159021629,765.031338429779,"chlor_a_fw_22","yes","Pinsylv"
"71","hot_healthy",376.398243758076,11.7523653361242,122,353.133262766754,399.663224749397,"chlor_b_fw_22","yes","Pinsylv"
"72","hot_damaged",333.913170225506,8.56282368964135,122,316.96220548999,350.864134961023,"chlor_b_fw_22","yes","Pinsylv"
"73","hot_healthy",1230.6978384314,39.4757480816746,122,1152.55165232575,1308.84402453706,"total_chl_fw_22","yes","Pinsylv"
"74","hot_damaged",1057.88963454854,28.7621990273792,122,1000.95198884893,1114.82728024815,"total_chl_fw_22","yes","Pinsylv"
"75","hot_healthy",39.6108546035416,1.04967479341765,122,37.5329185100416,41.6887906970417,"xc_fw_22","no","Pinsylv"
"76","hot_damaged",36.9070571037994,0.764797547593958,122,35.3930639715155,38.4210502360832,"xc_fw_22","no","Pinsylv"
"77","hot_healthy",2.26102510365326,0.0320804069621195,122,2.19751873392925,2.32453147337728,"chla_chlb_22","no","Pinsylv"
"78","hot_damaged",2.17564637206341,0.0233739218320764,122,2.12937535924488,2.22191738488194,"chla_chlb_22","no","Pinsylv"
"79","hot_healthy",30.8766815443487,0.534254923807422,122,29.8190705620986,31.9342925265987,"chl_xc_22","yes","Pinsylv"
"80","hot_damaged",28.6707012794772,0.389260424352535,122,27.9001213907293,29.4412811682252,"chl_xc_22","yes","Pinsylv"
"81","hot_healthy",-26.418213258918,0.220993691557485,123,-26.8556567211484,-25.9807697966875,"leaf_d13c","no","Pinsylv"
"82","hot_damaged",-26.7971920171595,0.160032127241452,123,-27.113965800679,-26.48041823364,"leaf_d13c","no","Pinsylv"
"83","hot_healthy",-5.49923354213842,0.267609361028345,123,-6.02894986385102,-4.96951722042582,"leaf_d15n","yes","Pinsylv"
"84","hot_damaged",-6.40121137170233,0.193788768418088,123,-6.78480435664567,-6.01761838675898,"leaf_d15n","yes","Pinsylv"
"85","hot_healthy",19.0657776363854,0.364805098204414,123,18.3436683124803,19.7878869602905,"leaf_d18o_corrected","no","Pinsylv"
"86","hot_damaged",18.9154274291589,0.264172861599505,123,18.3925134473571,19.4383414109608,"leaf_d18o_corrected","no","Pinsylv"
"87","hot_healthy",741.016634146342,56.8818872245666,115,628.344562979698,853.688705312985,"mean_1980","yes","Pinsylv"
"88","hot_damaged",477.79352631579,41.7791047092607,115,395.037160647116,560.549891984463,"mean_1980","yes","Pinsylv"
"89","hot_healthy",745.142414634147,60.9103404897716,113,624.468044370552,865.816784897742,"mean_05","yes","Pinsylv"
"90","hot_damaged",403.446824324324,45.3384945805968,113,313.623089335818,493.270559312831,"mean_05","yes","Pinsylv"
"91","hot_healthy",0.713194882352782,0.0473219012786172,113,0.619441660969426,0.806948103736138,"Rt12","no","Pinsylv"
"92","hot_damaged",0.623106575066567,0.0352239660361841,113,0.55332154537499,0.692891604758144,"Rt12","no","Pinsylv"
"93","hot_healthy",1.00577636354309,0.0518555994459644,113,0.903041068395073,1.10851165869111,"Rt17","no","Pinsylv"
"94","hot_damaged",0.994621082173488,0.0385986155314509,113,0.91815026318198,1.071091901165,"Rt17","no","Pinsylv"
"95","hot_healthy",0.964372738890203,0.0493069665090788,110,0.866657904495247,1.06208757328516,"Rt22","no","Pinsylv"
"96","hot_damaged",0.945642846129514,0.0374689081997598,110,0.871388264699825,1.0198974275592,"Rt22","no","Pinsylv"
"97","hot_healthy",0.772773899152589,0.0301762876831639,113,0.712989230674659,0.83255856763052,"Rs12","yes","Pinsylv"
"98","hot_damaged",0.671390598815187,0.0224616615928359,113,0.626889996027642,0.715891201602733,"Rs12","yes","Pinsylv"
"99","hot_healthy",1.39655377328898,0.0999052892634423,111,1.19858477322859,1.59452277334937,"Rs17","no","Pinsylv"
"100","hot_damaged",1.45580856425074,0.0753900726347915,111,1.30641810250417,1.6051990259973,"Rs17","no","Pinsylv"
"101","hot_healthy",13.0146341463415,0.566049921906104,62,11.8831164752322,14.1461518174507,"height","no","Pinpine"
"102","hot_damaged",12.9521739130435,0.75575798627103,62,11.4414352247172,14.4629126013698,"height","no","Pinpine"
"103","hot_healthy",46.0487804878049,1.41540348254353,62,43.2194292410905,48.8781317345193,"dbh","no","Pinpine"
"104","hot_damaged",48.2565217391304,1.88976704055714,62,44.4789312512283,52.0341122270326,"dbh","no","Pinpine"
"105","hot_healthy",28.1476714075881,2.15568690788677,62,23.8385146790807,32.4568281360955,"hegyi_index","no","Pinpine"
"106","hot_damaged",32.1195050104384,2.87815179101036,62,26.36616155851,37.8728484623667,"hegyi_index","no","Pinpine"
"107","hot_healthy",54.689317754602,0.293833643283912,58,54.1011458134105,55.2774896957935,"wc_22","no","Pinpine"
"108","hot_damaged",54.4189583521131,0.400427758605266,58,53.6174151065759,55.2205015976504,"wc_22","no","Pinpine"
"109","hot_healthy",47.5139929356513,0.274838787489871,61,46.9644188141151,48.0635670571874,"percent_c","no","Pinpine"
"110","hot_damaged",47.4206495217406,0.375196356075116,61,46.6703980391287,48.1709010043526,"percent_c","no","Pinpine"
"111","hot_healthy",0.994800370573995,0.0221212123226732,61,0.950566272684897,1.03903446846309,"percent_n","no","Pinpine"
"112","hot_damaged",0.95191715955865,0.0301987879193974,61,0.891530950996763,1.01230336812054,"percent_n","no","Pinpine"
"113","hot_healthy",48.8051890682238,1.10184117897756,61,46.6019214598216,51.008456676626,"cn","no","Pinpine"
"114","hot_damaged",50.6413486463251,1.50417922849091,61,47.6335563849752,53.649140907675,"cn","no","Pinpine"
"115","hot_healthy",42.7079207843702,0.642228400706786,56,41.4213827012739,43.9944588674666,"sla_22","no","Pinpine"
"116","hot_damaged",41.5362532509673,0.852473174859414,56,39.8285442753634,43.2439622265712,"sla_22","no","Pinpine"
"117","hot_healthy",119.024390243902,5.28834429929757,61,108.449692257453,129.599088230351,"age","no","Pinpine"
"118","hot_damaged",123.454545454545,7.2193867862999,61,109.018489367459,137.890601541632,"age","no","Pinpine"
"119","hot_healthy",482.400396165105,17.2274536807538,62,447.963206946266,516.837585383944,"chlor_a_fw_22","yes","Pinpine"
"120","hot_damaged",396.627515980655,23.0011262231101,62,350.648919800968,442.606112160341,"chlor_a_fw_22","yes","Pinpine"
"121","hot_healthy",230.719729121729,7.26218944348986,62,216.202819272892,245.236638970566,"chlor_b_fw_22","yes","Pinpine"
"122","hot_damaged",193.779101455485,9.69606647281024,62,174.396940749075,213.161262161895,"chlor_b_fw_22","yes","Pinpine"
"123","hot_healthy",713.120125286834,24.0172627946863,62,665.110301043151,761.129949530518,"total_chl_fw_22","yes","Pinpine"
"124","hot_damaged",590.40661743614,32.0664970756152,62,526.306603130951,654.506631741329,"total_chl_fw_22","yes","Pinpine"
"125","hot_healthy",28.4801442695739,0.784172374426511,62,26.9126060286509,30.047682510497,"xc_fw_22","no","Pinpine"
"126","hot_damaged",25.844473188124,1.04698280425566,62,23.7515843835932,27.9373619926548,"xc_fw_22","no","Pinpine"
"127","hot_healthy",2.10527051026905,0.0357074501071244,62,2.03389233455902,2.17664868597909,"chla_chlb_22","no","Pinpine"
"128","hot_damaged",2.01829352599252,0.0476745770001362,62,1.92299340448263,2.11359364750241,"chla_chlb_22","no","Pinpine"
"129","hot_healthy",25.0074124097354,0.422120831062971,62,24.1636048916941,25.8512199277768,"chl_xc_22","yes","Pinpine"
"130","hot_damaged",22.5560262769422,0.56359196760056,62,21.4294219864798,23.6826305674045,"chl_xc_22","yes","Pinpine"
"131","hot_healthy",-25.3307979732833,0.201720010192429,61,-25.7341620632295,-24.9274338833371,"leaf_d13c","no","Pinpine"
"132","hot_damaged",-24.87752402307,0.275378207940987,61,-25.4281767824624,-24.3268712636775,"leaf_d13c","no","Pinpine"
"133","hot_healthy",-3.72675532282369,0.251633033899788,61,-4.22992667217354,-3.22358397347384,"leaf_d15n","no","Pinpine"
"134","hot_damaged",-4.37086979872892,0.34351700591317,61,-5.05777450559974,-3.6839650918581,"leaf_d15n","no","Pinpine"
"135","hot_healthy",20.3389470694389,0.168993670385156,61,20.0010233404219,20.6768707984559,"leaf_d18o_corrected","no","Pinpine"
"136","hot_damaged",20.1737354087531,0.230701823084585,61,19.7124186022118,20.6350522152944,"leaf_d18o_corrected","no","Pinpine"
"137","hot_healthy",880.886560975609,59.2368354800616,61,762.435187649213,999.337934302006,"mean_1980","no","Pinpine"
"138","hot_damaged",899.964409090909,80.8672059010572,61,738.260436918513,1061.6683812633,"mean_1980","no","Pinpine"
"139","hot_healthy",879.454853658536,62.9436696873126,61,753.591207225655,1005.31850009142,"mean_05","no","Pinpine"
"140","hot_damaged",729.725272727273,85.9275931187325,61,557.902430925206,901.548114529339,"mean_05","no","Pinpine"
"141","hot_healthy",0.645828746264786,0.0281955090871638,61,0.589448341303154,0.702209151226417,"Rt12","no","Pinpine"
"142","hot_damaged",0.634676550417767,0.0384911182435506,61,0.557708802565134,0.711644298270399,"Rt12","no","Pinpine"
"143","hot_healthy",0.736953160288497,0.0293728782912572,61,0.678218460098114,0.795687860478881,"Rt17","no","Pinpine"
"144","hot_damaged",0.734934493781613,0.0400984046064595,61,0.654752778209867,0.815116209353359,"Rt17","no","Pinpine"
"145","hot_healthy",1.39546882720102,0.0777816116296799,61,1.2399348821074,1.55100277229465,"Rt22","no","Pinpine"
"146","hot_damaged",1.25914556242118,0.106183619567094,61,1.04681829239469,1.47147283244767,"Rt22","no","Pinpine"
"147","hot_healthy",1.17128715685532,0.0347824687991894,61,1.10173531190011,1.24083900181053,"Rs12","no","Pinpine"
"148","hot_damaged",1.14411705161085,0.0474833107362375,61,1.04916830356903,1.23906579965268,"Rs12","no","Pinpine"
"149","hot_healthy",0.826504989903556,0.0313841484214277,61,0.763748506525087,0.889261473282024,"Rs17","no","Pinpine"
"150","hot_damaged",0.79161310555657,0.042844091380931,61,0.705941049953582,0.877285161159558,"Rs17","no","Pinpine"
