"","tree_number","plot_id","pair_id","sp_id","vigor_id","leaf_d13c","leaf_d18o"
"1","T033","CED01","Ter-Pinsylv","Pinsylv","cold_healthy",-26.2123332774637,32.6831824984751
"2","T152","GUA04","Mad-Pinsylv","Pinsylv","hot_damaged",-25.9688758352351,28.9936174176822
"3","T069","ADO02","Gua-Pinsylv","Pinsylv","hot_damaged",-27.1744126999061,31.3570767406465
"4","T001","COR01","Ter-Pinsylv","Pinsylv","hot_damaged",-25.8006417139181,30.9498333929664
"5","T013","COR04","Ter-Pinsylv","Pinsylv","hot_damaged",-25.5700788652614,31.4524499475246
"6","T061","ADO01","Gua-Pinsylv","Pinsylv","hot_damaged",-24.3706350993976,26.5413035724513
"7","T062","ADO01","Gua-Pinsylv","Pinsylv","hot_damaged",-25.6431303841617,28.3439990594091
"8","T063","ADO01","Gua-Pinsylv","Pinsylv","hot_damaged",-25.4972177873985,28.647531064608
"9","T064","ADO01","Gua-Pinsylv","Pinsylv","hot_damaged",-25.1800162410531,28.1607957655929
"10","T065","ADO01","Gua-Pinsylv","Pinsylv","hot_damaged",-24.3597265255545,25.3148753999107
"11","T066","ADO01","Gua-Pinsylv","Pinsylv","hot_healthy",-25.6307480487771,27.7974127975576
"12","T067","ADO02","Gua-Pinsylv","Pinsylv","hot_damaged",-27.2788019616336,23.4162398757973
"13","T068","ADO02","Gua-Pinsylv","Pinsylv","hot_damaged",-24.7225999723027,24.323667944605
"14","T070","ADO02","Gua-Pinsylv","Pinsylv","hot_healthy",-25.6498041255851,26.7755365407276
"15","T071","ADO02","Gua-Pinsylv","Pinsylv","hot_damaged",-24.7294602527476,29.6254948033066
"16","T072","ADO02","Gua-Pinsylv","Pinsylv","hot_damaged",-25.9172414123065,28.304808325521
"17","T073","ADO03","Gua-Pinsylv","Pinsylv","hot_damaged",-25.2185966286344,26.9097400228846
"18","T074","ADO03","Gua-Pinsylv","Pinsylv","hot_damaged",-26.4500767152088,26.4082921811725
"19","T075","ADO03","Gua-Pinsylv","Pinsylv","hot_damaged",-24.0682892843743,24.9757106591937
"20","T076","ADO03","Gua-Pinsylv","Pinsylv","hot_damaged",-25.2417837753031,29.3314258865234
"21","T077","ADO03","Gua-Pinsylv","Pinsylv","hot_damaged",-25.4397666572251,29.0092557203098
"22","T078","ADO03","Gua-Pinsylv","Pinsylv","hot_damaged",-26.3340216289964,27.472862844855
"23","T118","ALU01","Gua-Pinsylv","Pinsylv","cold_healthy",-28.8367594560665,29.2849534238397
"24","T119","ALU01","Gua-Pinsylv","Pinsylv","cold_healthy",-28.0908229143916,31.2521864538654
"25","T120","ALU01","Gua-Pinsylv","Pinsylv","cold_healthy",-25.9602053426917,30.7772105342751
"26","T121","ALU01","Gua-Pinsylv","Pinsylv","cold_healthy",-25.9821114411414,28.9226738978616
"27","T122","ALU01","Gua-Pinsylv","Pinsylv","cold_healthy",-26.0749831116167,29.5408306027529
"28","T123","ALU02","Gua-Pinsylv","Pinsylv","cold_healthy",-29.0970691593382,26.4489683744059
"29","T124","ALU02","Gua-Pinsylv","Pinsylv","cold_healthy",-27.838880678115,29.1688483931401
"30","T125","ALU02","Gua-Pinsylv","Pinsylv","cold_healthy",-26.2537059255692,29.3228622405162
"31","T126","ALU02","Gua-Pinsylv","Pinsylv","cold_healthy",-25.6963022558812,30.4877211032827
"32","T127","ALU02","Gua-Pinsylv","Pinsylv","cold_healthy",-26.2747887586748,29.7629421926702
"33","T128","ALU03","Gua-Pinsylv","Pinsylv","cold_healthy",-26.0541537655526,29.5151723429699
"34","T129","ALU03","Gua-Pinsylv","Pinsylv","cold_healthy",-26.3494473071437,30.1810059096865
"35","T130","ALU03","Gua-Pinsylv","Pinsylv","cold_healthy",-26.3421345187732,28.4639563512357
"36","T131","ALU03","Gua-Pinsylv","Pinsylv","cold_healthy",-26.475614468865,28.4233947045712
"37","T132","ALU03","Gua-Pinsylv","Pinsylv","cold_healthy",-25.3275841383166,30.1510344412768
"38","T133","ALU04","Gua-Pinsylv","Pinsylv","cold_healthy",-26.6371870270992,30.1779352666401
"39","T134","ALU04","Gua-Pinsylv","Pinsylv","cold_healthy",-25.8676181887958,30.0463968438607
"40","T135","ALU04","Gua-Pinsylv","Pinsylv","cold_healthy",-25.9795003813519,29.520510119783
"41","T136","ALU04","Gua-Pinsylv","Pinsylv","cold_healthy",-26.9511142299015,29.5103353803449
"42","T137","ALU04","Gua-Pinsylv","Pinsylv","cold_healthy",-26.1007673574867,29.7157372161119
"43","T138","ALU05","Gua-Pinsylv","Pinsylv","cold_healthy",-26.5897940061448,30.5111582207
"44","T139","ALU05","Gua-Pinsylv","Pinsylv","cold_healthy",-27.1818219423195,29.2926361690826
"45","T140","ALU05","Gua-Pinsylv","Pinsylv","cold_healthy",-26.6312566532803,29.0104101957993
"46","T141","ALU05","Gua-Pinsylv","Pinsylv","cold_healthy",-26.0030575054731,30.9246933615289
"47","T142","ALU05","Gua-Pinsylv","Pinsylv","cold_healthy",-25.142720697982,32.7005015356107
"48","T103","ALU06","Gua-Pinsylv","Pinsylv","cold_healthy",-26.417782649503,30.4371843653534
"49","T104","ALU06","Gua-Pinsylv","Pinsylv","cold_healthy",-25.7102054480401,NA
"50","T105","ALU06","Gua-Pinsylv","Pinsylv","cold_healthy",-26.5188900734801,28.2800632668377
"51","T106","ALU06","Gua-Pinsylv","Pinsylv","cold_healthy",-25.1018424350043,31.0668872906658
"52","T107","ALU06","Gua-Pinsylv","Pinsylv","cold_healthy",-25.8056623737683,30.3391555740848
"53","T108","ALU07","Gua-Pinsylv","Pinsylv","cold_healthy",-27.0285654064874,29.9929868754524
"54","T109","ALU07","Gua-Pinsylv","Pinsylv","cold_healthy",-26.2791578246317,29.6919559166404
"55","T110","ALU07","Gua-Pinsylv","Pinsylv","cold_healthy",-25.3804845883853,29.9936304543158
"56","T111","ALU07","Gua-Pinsylv","Pinsylv","cold_healthy",-24.9374091719534,29.5140074967586
"57","T112","ALU07","Gua-Pinsylv","Pinsylv","cold_healthy",-24.0552433777482,30.6566632770633
"58","T113","ALU08","Gua-Pinsylv","Pinsylv","cold_healthy",-24.7497722208485,31.2598704560441
"59","T114","ALU08","Gua-Pinsylv","Pinsylv","cold_healthy",-26.5889772316219,31.435047849023
"60","T115","ALU08","Gua-Pinsylv","Pinsylv","cold_healthy",-26.9511954739494,29.8179077785569
"61","T116","ALU08","Gua-Pinsylv","Pinsylv","cold_healthy",-26.3821349539655,28.1455575584516
"62","T117","ALU08","Gua-Pinsylv","Pinsylv","cold_healthy",-25.1018865975134,30.1623712898613
"63","T031","CED01","Ter-Pinsylv","Pinsylv","cold_healthy",NA,NA
"64","T032","CED01","Ter-Pinsylv","Pinsylv","cold_healthy",-25.2600463279025,32.0929825824159
"65","T034","CED01","Ter-Pinsylv","Pinsylv","cold_healthy",-27.4681531472237,30.9119525387726
"66","T035","CED01","Ter-Pinsylv","Pinsylv","cold_healthy",NA,NA
"67","T036","CED02","Ter-Pinsylv","Pinsylv","cold_healthy",NA,NA
"68","T037","CED02","Ter-Pinsylv","Pinsylv","cold_healthy",-26.16763363091,31.0955432516951
"69","T038","CED02","Ter-Pinsylv","Pinsylv","cold_healthy",-28.0025339566945,31.26669937299
"70","T039","CED02","Ter-Pinsylv","Pinsylv","cold_healthy",-24.4814981243893,31.0901360721397
"71","T040","CED02","Ter-Pinsylv","Pinsylv","cold_healthy",-27.2728820823528,31.7515315230933
"72","T041","CED03","Ter-Pinsylv","Pinsylv","cold_healthy",-25.986646555835,31.600773959936
"73","T042","CED03","Ter-Pinsylv","Pinsylv","cold_healthy",-26.089485822486,32.1021257750866
"74","T043","CED03","Ter-Pinsylv","Pinsylv","cold_healthy",-25.8940926827832,30.9705925813599
"75","T044","CED03","Ter-Pinsylv","Pinsylv","cold_healthy",-24.9657120938735,29.6375780145923
"76","T045","CED03","Ter-Pinsylv","Pinsylv","cold_healthy",-26.2186204427817,28.6233824837676
"77","T046","CED04","Ter-Pinsylv","Pinsylv","cold_healthy",-26.7685797738628,27.7628747481517
"78","T047","CED04","Ter-Pinsylv","Pinsylv","cold_healthy",-25.5865185181599,28.7391594060113
"79","T048","CED04","Ter-Pinsylv","Pinsylv","cold_healthy",-25.2188160439682,28.6816576138949
"80","T049","CED04","Ter-Pinsylv","Pinsylv","cold_healthy",-27.339146283886,30.0971472522731
"81","T050","CED04","Ter-Pinsylv","Pinsylv","cold_healthy",-24.9202198571549,29.132014045914
"82","T051","CED05","Ter-Pinsylv","Pinsylv","cold_healthy",-24.6725324945111,31.0561713938069
"83","T052","CED05","Ter-Pinsylv","Pinsylv","cold_healthy",-25.9787131277353,29.6016666273704
"84","T053","CED05","Ter-Pinsylv","Pinsylv","cold_healthy",-25.8493900102071,27.5428904557617
"85","T054","CED05","Ter-Pinsylv","Pinsylv","cold_healthy",-25.2694430955793,29.7847193399474
"86","T055","CED05","Ter-Pinsylv","Pinsylv","cold_healthy",-25.1444356747746,27.0975611136563
"87","T056","CED06","Ter-Pinsylv","Pinsylv","cold_healthy",-24.6584202553104,NA
"88","T057","CED06","Ter-Pinsylv","Pinsylv","cold_healthy",-26.3716745126707,28.9522841480241
"89","T058","CED06","Ter-Pinsylv","Pinsylv","cold_healthy",-26.0225396938937,27.7672459244115
"90","T059","CED06","Ter-Pinsylv","Pinsylv","cold_healthy",-26.3835433368292,27.0564585332833
"91","T060","CED06","Ter-Pinsylv","Pinsylv","cold_healthy",-25.3907934246128,27.6274751830008
"92","T002","COR01","Ter-Pinsylv","Pinsylv","hot_healthy",-26.1062032831271,30.1655081836885
"93","T003","COR01","Ter-Pinsylv","Pinsylv","hot_damaged",-25.4262376908372,30.8717877578698
"94","T007","COR01","Ter-Pinsylv","Pinsylv","hot_damaged",-25.1983982460596,32.2533118429197
"95","T008","COR01","Ter-Pinsylv","Pinsylv","hot_healthy",-24.9803911790618,31.0525845321149
"96","T004","COR02","Ter-Pinsylv","Pinsylv","hot_damaged",-25.1564199267423,32.2069059567327
"97","T005","COR02","Ter-Pinsylv","Pinsylv","hot_damaged",-26.7676254282516,30.3996754487825
"98","T006","COR02","Ter-Pinsylv","Pinsylv","hot_damaged",-25.4487605169483,30.0856097694395
"99","T009","COR02","Ter-Pinsylv","Pinsylv","hot_damaged",-24.917583385205,30.6697189594423
"100","T010","COR02","Ter-Pinsylv","Pinsylv","hot_damaged",-26.543887929192,29.1894670371387
"101","T016","COR03","Ter-Pinsylv","Pinsylv","hot_healthy",-26.6392920763641,32.1273468268491
"102","T017","COR03","Ter-Pinsylv","Pinsylv","hot_damaged",-26.8037201582063,31.7447291998308
"103","T018","COR03","Ter-Pinsylv","Pinsylv","hot_healthy",-25.5992405575421,29.5764875398404
"104","T019","COR03","Ter-Pinsylv","Pinsylv","hot_damaged",-25.3208373273959,30.1257992659901
"105","T020","COR03","Ter-Pinsylv","Pinsylv","hot_damaged",-24.9058766588534,32.2242571853317
"106","T011","COR04","Ter-Pinsylv","Pinsylv","hot_damaged",-25.251122156385,32.8059469986841
"107","T012","COR04","Ter-Pinsylv","Pinsylv","hot_damaged",-27.2648596408173,33.03821871369
"108","T014","COR04","Ter-Pinsylv","Pinsylv","hot_damaged",-26.6663924898235,33.7556513420004
"109","T015","COR04","Ter-Pinsylv","Pinsylv","hot_damaged",-25.289670894136,30.26410477709
"110","T021","COR05","Ter-Pinsylv","Pinsylv","hot_damaged",-26.7069109057592,32.9513001035361
"111","T022","COR05","Ter-Pinsylv","Pinsylv","hot_damaged",-25.2192927573937,34.3188368796632
"112","T023","COR05","Ter-Pinsylv","Pinsylv","hot_healthy",-25.5240833785684,31.2769621164656
"113","T024","COR05","Ter-Pinsylv","Pinsylv","hot_healthy",-26.2693880688188,32.4298875921484
"114","T025","COR05","Ter-Pinsylv","Pinsylv","hot_damaged",-26.4993224515076,30.4807070356743
"115","T026","COR06","Ter-Pinsylv","Pinsylv","hot_damaged",-25.955346018124,30.8727140035544
"116","T027","COR06","Ter-Pinsylv","Pinsylv","hot_damaged",-26.4463731167169,32.758097818516
"117","T028","COR06","Ter-Pinsylv","Pinsylv","hot_damaged",-25.5935752866663,30.7746592337741
"118","T029","COR06","Ter-Pinsylv","Pinsylv","hot_damaged",-25.8337135432879,30.4385826405803
"119","T030","COR06","Ter-Pinsylv","Pinsylv","hot_damaged",-25.8077887598756,29.7703918176645
"120","T079","TRA01","Gua-Pinsylv","Pinsylv","hot_damaged",-25.2756378336328,27.7292639899554
"121","T080","TRA01","Gua-Pinsylv","Pinsylv","hot_healthy",-25.9210882933151,27.6612861311479
"122","T081","TRA01","Gua-Pinsylv","Pinsylv","hot_damaged",-26.9690052533547,25.409733239699
"123","T082","TRA01","Gua-Pinsylv","Pinsylv","hot_healthy",-26.3932079120444,28.6921117876099
"124","T083","TRA01","Gua-Pinsylv","Pinsylv","hot_healthy",-26.168765153048,27.1412728393117
"125","T084","TRA01","Gua-Pinsylv","Pinsylv","hot_damaged",-26.4986636765689,28.065073366439
"126","T085","TRA02","Gua-Pinsylv","Pinsylv","hot_healthy",-25.1962918398656,27.2043755588261
"127","T086","TRA02","Gua-Pinsylv","Pinsylv","hot_damaged",-26.2639672726321,28.6499185427535
"128","T087","TRA02","Gua-Pinsylv","Pinsylv","hot_damaged",-25.0894057471394,27.8663079574719
"129","T088","TRA02","Gua-Pinsylv","Pinsylv","hot_damaged",-26.7646613316663,25.8711362543028
"130","T089","TRA02","Gua-Pinsylv","Pinsylv","hot_damaged",-24.5711387229943,24.1597424386373
"131","T090","TRA02","Gua-Pinsylv","Pinsylv","hot_healthy",-26.3871970289269,22.7312777130767
"132","T091","TRA03","Gua-Pinsylv","Pinsylv","hot_healthy",-25.5387847086547,23.1001696358544
"133","T092","TRA03","Gua-Pinsylv","Pinsylv","hot_healthy",-26.6463013766541,22.556490300072
"134","T093","TRA03","Gua-Pinsylv","Pinsylv","hot_damaged",-26.6362374300716,31.4565304856516
"135","T094","TRA03","Gua-Pinsylv","Pinsylv","hot_damaged",-25.3400009059922,28.6946632011768
"136","T095","TRA03","Gua-Pinsylv","Pinsylv","hot_healthy",-25.0556420033878,33.5679598219854
"137","T096","TRA03","Gua-Pinsylv","Pinsylv","hot_healthy",-24.8252146551578,31.9706687967129
"138","T099","TRA04","Gua-Pinsylv","Pinsylv","hot_healthy",-25.9728935364161,28.1821892904996
"139","T100","TRA04","Gua-Pinsylv","Pinsylv","hot_damaged",-25.0542863795484,30.3455884612362
"140","T102","TRA04","Gua-Pinsylv","Pinsylv","hot_healthy",-26.0586816367137,28.74028465346
"141","T101","TRA04","Gua-Pinsylv","Pinsylv","hot_damaged",-25.073348426129,28.919943430252
"142","T098","TRA04","Gua-Pinsylv","Pinsylv","hot_healthy",-24.4201283632034,31.5407229038456
"143","T097","TRA04","Gua-Pinsylv","Pinsylv","hot_damaged",-24.8933365604497,31.2378988439936
"144","T206","GUA15","Mad-Pinsylv","Pinsylv","hot_healthy",-27.3408337475731,28.847024955811
"145","T203","GUA15","Mad-Pinsylv","Pinsylv","hot_healthy",-25.8581399257903,29.139407631739
"146","T204","GUA15","Mad-Pinsylv","Pinsylv","hot_healthy",-27.5027306728209,29.6345730777007
"147","T205","GUA15","Mad-Pinsylv","Pinsylv","hot_healthy",-25.7420960007926,28.0672558923712
"148","T207","GUA15","Mad-Pinsylv","Pinsylv","hot_healthy",-26.370554226046,28.529715603489
"149","T202","GUA14","Mad-Pinsylv","Pinsylv","cold_healthy",-25.6101291531755,28.885118959186
"150","T201","GUA14","Mad-Pinsylv","Pinsylv","cold_healthy",-28.0185856255808,30.1379783389934
"151","T200","GUA14","Mad-Pinsylv","Pinsylv","cold_healthy",-28.5517351345007,29.8524953067228
"152","T198","GUA14","Mad-Pinsylv","Pinsylv","cold_healthy",-27.5028670617737,29.7497692006485
"153","T199","GUA14","Mad-Pinsylv","Pinsylv","cold_healthy",-26.5980737804703,28.8760499105192
"154","T194","GUA12","Mad-Pinsylv","Pinsylv","cold_healthy",-26.3433276767559,27.8368369702138
"155","T195","GUA12","Mad-Pinsylv","Pinsylv","cold_healthy",-26.0704165181609,28.0955998321504
"156","T196","GUA12","Mad-Pinsylv","Pinsylv","cold_healthy",-26.139022880622,29.1000603752187
"157","T197","GUA12","Mad-Pinsylv","Pinsylv","cold_healthy",-26.9422857553721,29.2901772192887
"158","T193","GUA12","Mad-Pinsylv","Pinsylv","cold_healthy",-25.94015976446,28.548924935808
"159","T191","GUA13","Mad-Pinsylv","Pinsylv","cold_healthy",-26.7673015746086,30.1052176404708
"160","T190","GUA13","Mad-Pinsylv","Pinsylv","cold_healthy",-27.7932729097726,30.6375024746732
"161","T189","GUA13","Mad-Pinsylv","Pinsylv","cold_healthy",-27.941641625278,31.2202315971788
"162","T188","GUA13","Mad-Pinsylv","Pinsylv","cold_healthy",-27.3288027885068,30.1089096496869
"163","T192","GUA13","Mad-Pinsylv","Pinsylv","cold_healthy",-25.2193637658056,28.3020051035154
"164","T184","GUA11","Mad-Pinsylv","Pinsylv","cold_healthy",-26.9288257934068,31.9407910990885
"165","T183","GUA11","Mad-Pinsylv","Pinsylv","cold_healthy",-27.9662161093357,28.4173417456546
"166","T187","GUA11","Mad-Pinsylv","Pinsylv","cold_healthy",-26.5378020677612,29.034154712889
"167","T186","GUA11","Mad-Pinsylv","Pinsylv","cold_healthy",-27.2206808213339,29.4761382769499
"168","T185","GUA11","Mad-Pinsylv","Pinsylv","cold_healthy",-25.7343824750006,29.5827216457873
"169","T181","GUA10","Mad-Pinsylv","Pinsylv","hot_healthy",-24.993391580728,30.8192386002491
"170","T182","GUA10","Mad-Pinsylv","Pinsylv","hot_healthy",-28.2121625710131,29.9853757415845
"171","T180","GUA10","Mad-Pinsylv","Pinsylv","hot_healthy",-25.961130857566,29.3948622409267
"172","T179","GUA10","Mad-Pinsylv","Pinsylv","hot_healthy",-26.9940431097841,27.5143260938941
"173","T178","GUA10","Mad-Pinsylv","Pinsylv","hot_healthy",-27.0753141186799,28.8308916744562
"174","T176","GUA01","Mad-Pinsylv","Pinsylv","cold_healthy",NA,NA
"175","T177","GUA01","Mad-Pinsylv","Pinsylv","cold_healthy",NA,NA
"176","T174","GUA01","Mad-Pinsylv","Pinsylv","cold_healthy",NA,NA
"177","T175","GUA01","Mad-Pinsylv","Pinsylv","cold_healthy",NA,NA
"178","T173","GUA01","Mad-Pinsylv","Pinsylv","cold_healthy",NA,NA
"179","T155","GUA06","Mad-Pinsylv","Pinsylv","hot_healthy",-26.8600265820719,29.2814107378045
"180","T156","GUA06","Mad-Pinsylv","Pinsylv","hot_healthy",-27.4339654055576,31.3297790082689
"181","T157","GUA06","Mad-Pinsylv","Pinsylv","hot_healthy",-27.4960242257767,30.7194170221365
"182","T154","GUA06","Mad-Pinsylv","Pinsylv","hot_healthy",-27.2964141988856,28.6924234229257
"183","T153","GUA06","Mad-Pinsylv","Pinsylv","hot_damaged",-27.7433073989702,27.324111160758
"184","T143","GUA05","Mad-Pinsylv","Pinsylv","hot_damaged",-26.9708806062803,28.1265146119054
"185","T144","GUA05","Mad-Pinsylv","Pinsylv","hot_healthy",-28.3772685388901,29.2283497008227
"186","T145","GUA05","Mad-Pinsylv","Pinsylv","hot_damaged",-26.4424248667147,28.5853192242388
"187","T146","GUA05","Mad-Pinsylv","Pinsylv","hot_damaged",-27.0929269719348,30.4520398108583
"188","T147","GUA05","Mad-Pinsylv","Pinsylv","hot_damaged",-27.1787634742772,29.6230744549132
"189","T150","GUA04","Mad-Pinsylv","Pinsylv","hot_damaged",-26.0133469724422,30.2773111973267
"190","T149","GUA04","Mad-Pinsylv","Pinsylv","hot_healthy",-26.4379803746787,30.025314892292
"191","T148","GUA04","Mad-Pinsylv","Pinsylv","hot_healthy",-27.2525882366916,29.293880341616
"192","T151","GUA04","Mad-Pinsylv","Pinsylv","hot_damaged",-28.2313283209362,27.6647820728253
"193","T158","GUA07","Mad-Pinsylv","Pinsylv","hot_damaged",-27.288137354163,27.9622066491864
"194","T159","GUA07","Mad-Pinsylv","Pinsylv","hot_damaged",-27.5006794070011,27.8043623459521
"195","T160","GUA07","Mad-Pinsylv","Pinsylv","hot_damaged",-27.1321464332672,30.3028919127351
"196","T161","GUA07","Mad-Pinsylv","Pinsylv","hot_damaged",-26.2393697192962,28.7281599919669
"197","T162","GUA07","Mad-Pinsylv","Pinsylv","hot_healthy",-27.5734239606562,31.8404695160289
"198","T172","GUA09","Mad-Pinsylv","Pinsylv","hot_healthy",-27.2644238387774,29.9503442270422
"199","T171","GUA09","Mad-Pinsylv","Pinsylv","hot_damaged",-25.8125780468874,30.4769084445624
"200","T170","GUA09","Mad-Pinsylv","Pinsylv","hot_healthy",-26.4837300003083,29.5717951362353
"201","T169","GUA09","Mad-Pinsylv","Pinsylv","hot_healthy",-26.3746663570254,30.4996685397547
"202","T168","GUA09","Mad-Pinsylv","Pinsylv","hot_damaged",-26.6053021376689,27.675310227554
"203","T165","GUA08","Mad-Pinsylv","Pinsylv","hot_damaged",-26.2468922709689,30.7606844365389
"204","T164","GUA08","Mad-Pinsylv","Pinsylv","hot_damaged",-27.1639833695626,30.2544430105895
"205","T167","GUA08","Mad-Pinsylv","Pinsylv","hot_damaged",-26.4074051357026,31.3792420247277
"206","T166","GUA08","Mad-Pinsylv","Pinsylv","hot_healthy",-26.8029331249211,28.941487235919
"207","T163","GUA08","Mad-Pinsylv","Pinsylv","hot_damaged",-26.7730318452048,30.1561739891663
"208","T208","NAV01","Mad-Pinpine","Pinpine","hot_healthy",-25.421676517031,29.7195969472054
"209","T209","NAV01","Mad-Pinpine","Pinpine","hot_healthy",-23.4304579877169,29.2317115008117
"210","T210","NAV01","Mad-Pinpine","Pinpine","hot_damaged",-22.8253710257422,29.6495308168309
"211","T211","NAV01","Mad-Pinpine","Pinpine","hot_healthy",-25.2837030151829,29.071768495172
"212","T212","NAV01","Mad-Pinpine","Pinpine","hot_damaged",-23.1373691457174,28.8866587225109
"213","T213","NAV02","Mad-Pinpine","Pinpine","hot_damaged",-21.4574361840149,29.726882718087
"214","T214","NAV02","Mad-Pinpine","Pinpine","hot_damaged",-23.8162417312797,28.3744426771042
"215","T215","NAV02","Mad-Pinpine","Pinpine","hot_healthy",-22.8588865784834,28.529669641812
"216","T216","NAV02","Mad-Pinpine","Pinpine","hot_healthy",-24.5302895603246,29.2642387351155
"217","T217","NAV02","Mad-Pinpine","Pinpine","hot_healthy",-21.6284872406618,29.7712084130566
"218","T218","NAV03","Mad-Pinpine","Pinpine","cold_healthy",-27.0952210985433,28.351885951516
"219","T219","NAV03","Mad-Pinpine","Pinpine","cold_healthy",-24.0210976913954,28.6503765380636
"220","T220","NAV03","Mad-Pinpine","Pinpine","cold_healthy",-24.4705112321128,28.3628171009161
"221","T221","NAV03","Mad-Pinpine","Pinpine","cold_healthy",-24.7929755931332,28.4249707976244
"222","T222","NAV03","Mad-Pinpine","Pinpine","cold_healthy",-22.3700815093113,29.2166122473986
"223","T223","NAV04","Mad-Pinpine","Pinpine","hot_healthy",-24.0164060449133,28.213304300217
"224","T224","NAV04","Mad-Pinpine","Pinpine","hot_healthy",-27.4891502804057,27.483598865766
"225","T226","NAV04","Mad-Pinpine","Pinpine","hot_healthy",-23.684975861563,28.4654116852187
"226","T227","NAV04","Mad-Pinpine","Pinpine","hot_damaged",-25.2115185415334,28.4869116194083
"227","T225","NAV04","Mad-Pinpine","Pinpine","hot_damaged",-25.0817629579527,26.6609895267286
"228","T232","NAV05","Mad-Pinpine","Pinpine","cold_healthy",-25.7226407932534,28.7527355603747
"229","T229","NAV05","Mad-Pinpine","Pinpine","cold_healthy",-26.125921932008,28.3006593611999
"230","T230","NAV05","Mad-Pinpine","Pinpine","cold_healthy",-25.5148467953349,28.8620115432962
"231","T231","NAV05","Mad-Pinpine","Pinpine","cold_healthy",-25.7995849008262,28.4982359542448
"232","T228","NAV05","Mad-Pinpine","Pinpine","cold_healthy",-24.7561006844825,27.9279022421493
"233","T257","NAV06","Mad-Pinpine","Pinpine","hot_healthy",-26.8327886259695,29.0361401443209
"234","T255","NAV06","Mad-Pinpine","Pinpine","hot_healthy",-25.6028706730862,27.8390883054309
"235","T256","NAV06","Mad-Pinpine","Pinpine","hot_healthy",-24.8730093400849,30.7333353631595
"236","T254","NAV06","Mad-Pinpine","Pinpine","hot_healthy",-24.8390120106707,28.826363232805
"237","T253","NAV06","Mad-Pinpine","Pinpine","hot_damaged",-24.6870414536922,27.9406857995207
"238","T236","NAV07","Mad-Pinpine","Pinpine","cold_healthy",-27.2805505764053,28.3125149175344
"239","T234","NAV07","Mad-Pinpine","Pinpine","cold_healthy",-24.7771214641825,28.6871940489593
"240","T237","NAV07","Mad-Pinpine","Pinpine","cold_healthy",-26.3835793645263,27.3296547807159
"241","T235","NAV07","Mad-Pinpine","Pinpine","cold_healthy",-22.2590121515853,28.4112723967064
"242","T233","NAV07","Mad-Pinpine","Pinpine","cold_healthy",-23.8148136820903,28.8381000604259
"243","T238","NAV08","Mad-Pinpine","Pinpine","cold_healthy",-26.5575776978818,26.364575128865
"244","T239","NAV08","Mad-Pinpine","Pinpine","cold_healthy",-25.6260465381021,28.9474495831252
"245","T240","NAV08","Mad-Pinpine","Pinpine","cold_healthy",-22.7122640891708,28.3771455411984
"246","T241","NAV08","Mad-Pinpine","Pinpine","cold_healthy",-25.392574625939,27.9147892412598
"247","T242","NAV08","Mad-Pinpine","Pinpine","cold_healthy",-25.2225344806937,28.4059435133357
"248","T246","NAV09","Mad-Pinpine","Pinpine","hot_healthy",-25.5686980562212,29.2656332334218
"249","T247","NAV09","Mad-Pinpine","Pinpine","hot_healthy",-24.3088284411535,28.3568877235554
"250","T244","NAV09","Mad-Pinpine","Pinpine","hot_healthy",-24.4940156025544,29.310188732581
"251","T245","NAV09","Mad-Pinpine","Pinpine","hot_healthy",-26.1066274046998,28.4281009766977
"252","T243","NAV09","Mad-Pinpine","Pinpine","hot_healthy",-25.9485406885931,28.2436127039273
"253","T251","NAV10","Mad-Pinpine","Pinpine","hot_healthy",-25.0314793306702,28.8972061363288
"254","T249","NAV10","Mad-Pinpine","Pinpine","hot_healthy",-22.6273513468209,27.7837169494602
"255","T252","NAV10","Mad-Pinpine","Pinpine","hot_damaged",-24.7810210563115,28.6312055372643
"256","T248","NAV10","Mad-Pinpine","Pinpine","hot_healthy",-26.4196934878802,30.3322560863879
"257","T250","NAV10","Mad-Pinpine","Pinpine","hot_damaged",-25.7620177381289,28.3306509887362
"258","T258","NAV11","Mad-Pinpine","Pinpine","hot_healthy",-26.0790408434046,29.6972761574669
"259","T259","NAV11","Mad-Pinpine","Pinpine","hot_damaged",-25.043400205775,26.8589746660671
"260","T260","NAV11","Mad-Pinpine","Pinpine","hot_healthy",-25.3558186213344,28.5563524903497
"261","T261","NAV11","Mad-Pinpine","Pinpine","hot_healthy",-25.8108408519164,27.2219038091734
"262","T262","NAV11","Mad-Pinpine","Pinpine","hot_healthy",-25.5554285648933,28.5109146712817
"263","T305","PEL01","Mad-Pinpine","Pinpine","hot_damaged",-25.0809657037596,28.7821114345744
"264","T301","PEL01","Mad-Pinpine","Pinpine","hot_healthy",-23.2213160634929,28.1689766894304
"265","T302","PEL01","Mad-Pinpine","Pinpine","hot_healthy",-26.0600369225925,27.5034157524673
"266","T303","PEL01","Mad-Pinpine","Pinpine","hot_healthy",-26.5109014115446,27.570852599712
"267","T304","PEL01","Mad-Pinpine","Pinpine","hot_damaged",-23.713054094648,28.6586708632515
"268","T310","PEL02","Mad-Pinpine","Pinpine","hot_damaged",-25.8146596645988,27.9312816801054
"269","T309","PEL02","Mad-Pinpine","Pinpine","hot_damaged",-25.9620917451185,28.3438865296296
"270","T306","PEL02","Mad-Pinpine","Pinpine","hot_damaged",NA,NA
"271","T307","PEL02","Mad-Pinpine","Pinpine","hot_damaged",-26.3163624163147,27.4896616097201
"272","T308","PEL02","Mad-Pinpine","Pinpine","hot_healthy",-27.2052081549513,28.4198392173767
"273","T312","PEL03","Mad-Pinpine","Pinpine","hot_healthy",-25.0801323420797,29.3739223151527
"274","T313","PEL03","Mad-Pinpine","Pinpine","hot_healthy",-25.5077076227911,29.348933153468
"275","T314","PEL03","Mad-Pinpine","Pinpine","hot_healthy",-25.7963832337347,29.2054260877882
"276","T315","PEL03","Mad-Pinpine","Pinpine","hot_damaged",-25.7613220270909,28.0307486361438
"277","T311","PEL03","Mad-Pinpine","Pinpine","hot_healthy",-25.9944741703452,29.0864605798552
"278","T317","PEL04","Mad-Pinpine","Pinpine","hot_damaged",-25.7834604356986,29.5629051492382
"279","T320","PEL04","Mad-Pinpine","Pinpine","hot_healthy",-25.3900896535325,28.8728314161076
"280","T319","PEL04","Mad-Pinpine","Pinpine","hot_healthy",-26.3825049436546,28.9130131323884
"281","T316","PEL04","Mad-Pinpine","Pinpine","hot_healthy",-26.1278716724037,28.2006317837291
"282","T318","PEL04","Mad-Pinpine","Pinpine","hot_healthy",-25.8555218952377,29.7691373812433
"283","T325","PEL05","Mad-Pinpine","Pinpine","hot_damaged",-24.8706418941377,26.617223395259
"284","T324","PEL05","Mad-Pinpine","Pinpine","hot_healthy",-26.6366365772145,27.7593679391953
"285","T323","PEL05","Mad-Pinpine","Pinpine","hot_damaged",-26.7983964017831,28.8909770485449
"286","T321","PEL05","Mad-Pinpine","Pinpine","hot_damaged",-26.6454033953465,28.6786232600446
"287","T322","PEL05","Mad-Pinpine","Pinpine","hot_healthy",-26.0204238153879,28.9962302656663
"288","T326","PEL06","Mad-Pinpine","Pinpine","hot_damaged",-25.7859937155115,30.6893613516394
"289","T327","PEL06","Mad-Pinpine","Pinpine","hot_healthy",-27.0588206198687,29.901082385003
"290","T328","PEL06","Mad-Pinpine","Pinpine","hot_healthy",-25.9166108295492,31.7600809905457
"291","T329","PEL06","Mad-Pinpine","Pinpine","hot_damaged",-24.3490522091958,32.6935326463801
"292","T330","PEL06","Mad-Pinpine","Pinpine","hot_damaged",-24.4356044287869,30.5518297101698
"293","T343","SAR05","Nav-Abialba","Abialba","cold_healthy",-29.0548406250887,30.0513818536039
"294","T346","SAR05","Nav-Abialba","Abialba","cold_healthy",-27.5404506587396,29.7476214568161
"295","T347","SAR05","Nav-Abialba","Abialba","cold_healthy",-29.7738889334015,29.6775247052163
"296","T344","SAR05","Nav-Abialba","Abialba","cold_healthy",-27.4799589246642,30.6438132908524
"297","T345","SAR05","Nav-Abialba","Abialba","cold_healthy",-26.871919027679,29.8633921518354
"298","T342","SAR04","Nav-Abialba","Abialba","cold_healthy",-26.939325625147,27.4219513585769
"299","T341","SAR04","Nav-Abialba","Abialba","cold_healthy",-27.9150350739551,30.0781706998432
"300","T338","SAR04","Nav-Abialba","Abialba","cold_healthy",-28.7489577798913,29.2776085362729
"301","T339","SAR04","Nav-Abialba","Abialba","cold_healthy",-28.0347890978986,27.9825998399281
"302","T340","SAR04","Nav-Abialba","Abialba","cold_healthy",-28.4818656747722,28.1803575531751
"303","T336","SAR03","Nav-Abialba","Abialba","cold_healthy",-29.0800830848841,29.4607775948124
"304","T334","SAR03","Nav-Abialba","Abialba","cold_healthy",-29.8389289827429,29.2745747863319
"305","T335","SAR03","Nav-Abialba","Abialba","cold_healthy",-28.6016888139973,29.2332389021272
"306","T337","SAR03","Nav-Abialba","Abialba","cold_healthy",-30.0854885454167,28.7304883707769
"307","T333","SAR03","Nav-Abialba","Abialba","cold_healthy",-30.6476415426201,29.8656823840907
"308","T331","SAR02","Nav-Abialba","Abialba","cold_healthy",-28.3637724132713,29.6179307664929
"309","T332","SAR02","Nav-Abialba","Abialba","cold_healthy",-29.143472267236,30.2390401315991
"310","T300","SAR02","Nav-Abialba","Abialba","cold_healthy",-28.0201830947315,28.3348003683327
"311","T299","SAR02","Nav-Abialba","Abialba","cold_healthy",-28.9615178206701,29.5504993500253
"312","T298","SAR02","Nav-Abialba","Abialba","cold_healthy",-28.6487815973108,28.4445875144844
"313","T352","SAR06","Nav-Abialba","Abialba","cold_healthy",-29.9277371735424,27.2181418051428
"314","T349","SAR06","Nav-Abialba","Abialba","cold_healthy",-29.2064424238189,29.9910177575741
"315","T350","SAR06","Nav-Abialba","Abialba","cold_healthy",-29.8181787974744,28.8309595999934
"316","T348","SAR06","Nav-Abialba","Abialba","cold_healthy",-30.6908525537698,28.4767229193513
"317","T297","SAR01","Nav-Abialba","Abialba","cold_healthy",-28.7252234905343,28.6992954106555
"318","T295","SAR01","Nav-Abialba","Abialba","cold_healthy",-29.0640878488926,30.664001004499
"319","T294","SAR01","Nav-Abialba","Abialba","cold_healthy",-29.0702261037801,29.7306995421218
"320","T296","SAR01","Nav-Abialba","Abialba","cold_healthy",-31.8426754694261,29.0671132093974
"321","T293","SAR01","Nav-Abialba","Abialba","cold_healthy",-30.3245409331147,28.8892022516817
"322","T292","BAS06","Nav-Abialba","Abialba","hot_damaged",-29.7535894797242,29.977548676441
"323","T291","BAS06","Nav-Abialba","Abialba","hot_damaged",-28.109251136675,28.8498862237567
"324","T288","BAS06","Nav-Abialba","Abialba","hot_damaged",-30.5754998615146,28.8428891976594
"325","T289","BAS06","Nav-Abialba","Abialba","hot_damaged",-30.7965580078572,29.7287379450337
"326","T290","BAS06","Nav-Abialba","Abialba","hot_healthy",-28.2573925794938,31.1428444645346
"327","T284","BAS05","Nav-Abialba","Abialba","hot_damaged",-29.9573870659945,29.6877327187764
"328","T287","BAS05","Nav-Abialba","Abialba","hot_damaged",-27.4935438029608,31.8096620934731
"329","T285","BAS05","Nav-Abialba","Abialba","hot_damaged",-29.024936699352,30.2129467154152
"330","T286","BAS05","Nav-Abialba","Abialba","hot_damaged",-30.5614647247983,28.2055448019931
"331","T283","BAS05","Nav-Abialba","Abialba","hot_healthy",-29.7576248903177,29.6414060629006
"332","T280","BAS04","Nav-Abialba","Abialba","hot_damaged",-29.5047454567078,28.2405510478555
"333","T278","BAS04","Nav-Abialba","Abialba","hot_damaged",-29.6464535545814,28.1675819167858
"334","T282","BAS04","Nav-Abialba","Abialba","hot_healthy",-28.4781704993139,30.8476504204296
"335","T279","BAS04","Nav-Abialba","Abialba","hot_healthy",-28.6692046467233,30.5494613047174
"336","T281","BAS04","Nav-Abialba","Abialba","hot_healthy",-29.5995043385727,28.3886036158411
"337","T274","BAS03","Nav-Abialba","Abialba","hot_damaged",-29.8780122960122,30.7703802663143
"338","T275","BAS03","Nav-Abialba","Abialba","hot_damaged",-28.7467077017864,31.6489526116482
"339","T277","BAS03","Nav-Abialba","Abialba","hot_healthy",-27.8977828674421,28.0774026191151
"340","T273","BAS03","Nav-Abialba","Abialba","hot_damaged",-28.8017279576769,29.6420062018652
"341","T270","BAS02","Nav-Abialba","Abialba","hot_healthy",-28.4768993409741,29.6047040387815
"342","T272","BAS02","Nav-Abialba","Abialba","hot_healthy",-28.4598433556385,30.6084910769619
"343","T268","BAS02","Nav-Abialba","Abialba","hot_healthy",-27.6170012538611,29.7132578275935
"344","T269","BAS02","Nav-Abialba","Abialba","hot_healthy",-27.7278945190627,29.4844283240838
"345","T271","BAS02","Nav-Abialba","Abialba","hot_healthy",-28.2323613345133,28.1601424361867
"346","T267","BAS01","Nav-Abialba","Abialba","hot_damaged",-27.8802379171898,30.425574906987
"347","T264","BAS01","Nav-Abialba","Abialba","hot_healthy",-29.3576497037224,30.6153972623624
"348","T263","BAS01","Nav-Abialba","Abialba","hot_damaged",-29.0411065479248,30.3462372861299
"349","T266","BAS01","Nav-Abialba","Abialba","hot_healthy",-27.8034996357342,29.1693211720919
"350","T265","BAS01","Nav-Abialba","Abialba","hot_damaged",-28.7757188964003,29.1198141515055
"351","T496","URZ06","Nav-Pinsylv","Pinsylv","cold_healthy",-28.8003814565771,27.0280828177877
"352","T500","URZ06","Nav-Pinsylv","Pinsylv","cold_healthy",-26.9772804692817,26.8264695127122
"353","T499","URZ06","Nav-Pinsylv","Pinsylv","cold_healthy",-28.7144255575173,26.1868389456047
"354","T498","URZ06","Nav-Pinsylv","Pinsylv","cold_healthy",-28.0230976851601,27.0167883964504
"355","T497","URZ06","Nav-Pinsylv","Pinsylv","cold_healthy",-30.8924439902243,28.484247378908
"356","T432","URZ05","Nav-Pinsylv","Pinsylv","cold_healthy",-29.4992961542711,27.5562366294234
"357","T429","URZ05","Nav-Pinsylv","Pinsylv","cold_healthy",-29.3469487754579,25.6097547710642
"358","T431","URZ05","Nav-Pinsylv","Pinsylv","cold_healthy",-31.1114005377089,27.808757073956
"359","T434","URZ05","Nav-Pinsylv","Pinsylv","cold_healthy",-27.8770207999241,27.7944826436792
"360","T433","URZ05","Nav-Pinsylv","Pinsylv","cold_healthy",-28.6865239426888,26.4268106026658
"361","T438","URZ04","Nav-Pinsylv","Pinsylv","cold_healthy",-28.2623026794378,28.3562360745752
"362","T436","URZ04","Nav-Pinsylv","Pinsylv","cold_healthy",-27.6463930259154,26.6193081208794
"363","T435","URZ04","Nav-Pinsylv","Pinsylv","cold_healthy",-28.8779825504121,26.7239051015962
"364","T437","URZ04","Nav-Pinsylv","Pinsylv","cold_healthy",-28.3420782540787,25.6284577147072
"365","T430","URZ04","Nav-Pinsylv","Pinsylv","cold_healthy",-29.8690419253629,28.247939214645
"366","T415","OZA06","Hue-Abialba","Abialba","cold_healthy",-29.4869518564703,29.8289367080797
"367","T416","OZA06","Hue-Abialba","Abialba","cold_healthy",-28.7508907560573,28.5533086255345
"368","T413","OZA06","Hue-Abialba","Abialba","cold_healthy",-28.7808279607408,28.1247900390503
"369","T412","OZA06","Hue-Abialba","Abialba","cold_healthy",-31.7958130733512,26.3166088899916
"370","T414","OZA06","Hue-Abialba","Abialba","cold_healthy",-29.7841042828477,29.3666483967998
"371","T404","OZA05","Hue-Abialba","Abialba","cold_healthy",-29.8164966077556,28.1848607400075
"372","T407","OZA05","Hue-Abialba","Abialba","cold_healthy",NA,NA
"373","T410","OZA05","Hue-Abialba","Abialba","cold_healthy",-29.9826339639566,30.1925063780869
"374","T411","OZA05","Hue-Abialba","Abialba","cold_healthy",NA,NA
"375","T405","OZA05","Hue-Abialba","Abialba","cold_healthy",-29.1858748590603,28.490275413924
"376","T401","OZA04","Hue-Abialba","Abialba","cold_healthy",-32.0476887884906,31.4831798240657
"377","T394","OZA04","Hue-Abialba","Abialba","cold_healthy",-29.7733611437439,29.4461052633179
"378","T402","OZA04","Hue-Abialba","Abialba","cold_healthy",-30.726384986036,29.6221340640274
"379","T395","OZA04","Hue-Abialba","Abialba","cold_healthy",-30.6533052057004,31.5200367270252
"380","T403","OZA04","Hue-Abialba","Abialba","cold_healthy",-30.6988733877244,29.4783498594977
"381","T399","OZA03","Hue-Abialba","Abialba","cold_healthy",-28.2925087996515,25.7161448911444
"382","T398","OZA03","Hue-Abialba","Abialba","cold_healthy",-28.9519138968423,28.1904517926599
"383","T400","OZA03","Hue-Abialba","Abialba","cold_healthy",-30.0322692884873,29.3269233335757
"384","T396","OZA03","Hue-Abialba","Abialba","cold_healthy",-29.0458594613535,26.0600665299886
"385","T397","OZA03","Hue-Abialba","Abialba","cold_healthy",-29.652143539502,30.6046794240607
"386","T392","OZA02","Hue-Abialba","Abialba","cold_healthy",-27.9829145070387,29.248005715141
"387","T393","OZA02","Hue-Abialba","Abialba","cold_healthy",-29.778321974624,28.7396434427627
"388","T391","OZA02","Hue-Abialba","Abialba","cold_healthy",-27.5168809143731,29.796083809699
"389","T390","OZA02","Hue-Abialba","Abialba","cold_healthy",-27.7835178481225,28.9177762184342
"390","T389","OZA02","Hue-Abialba","Abialba","cold_healthy",-28.4061201362989,28.0931284467933
"391","T356","RON01","Nav-Pinsylv","Pinsylv","hot_damaged",-30.1096850041,26.3956217364114
"392","T355","RON01","Nav-Pinsylv","Pinsylv","hot_damaged",-28.4334013315141,26.2363814881575
"393","T353","RON01","Nav-Pinsylv","Pinsylv","hot_damaged",-29.6693728000245,26.5399034408464
"394","T354","RON01","Nav-Pinsylv","Pinsylv","hot_damaged",-28.8543594528298,27.1674356164105
"395","T357","RON01","Nav-Pinsylv","Pinsylv","hot_healthy",-29.2959812532066,26.6723200811375
"396","T362","RON02","Nav-Pinsylv","Pinsylv","hot_damaged",-30.5482054241761,27.6526703056763
"397","T361","RON02","Nav-Pinsylv","Pinsylv","hot_damaged",-29.0325025894129,27.0702772615378
"398","T358","RON02","Nav-Pinsylv","Pinsylv","hot_damaged",-30.4814827682619,27.0713510935247
"399","T360","RON02","Nav-Pinsylv","Pinsylv","hot_damaged",-30.6420560919378,26.2052860371442
"400","T359","RON02","Nav-Pinsylv","Pinsylv","hot_damaged",-27.9864571410809,27.1805028341368
"401","T376","RON05","Nav-Pinsylv","Pinsylv","hot_damaged",-27.9681287616441,26.0065705573559
"402","T377","RON05","Nav-Pinsylv","Pinsylv","hot_damaged",-28.866490740002,26.7375610495585
"403","T378","RON05","Nav-Pinsylv","Pinsylv","hot_damaged",-27.2827309976752,26.9208742646376
"404","T374","RON05","Nav-Pinsylv","Pinsylv","hot_damaged",-29.6261288558996,25.730915538379
"405","T375","RON05","Nav-Pinsylv","Pinsylv","hot_damaged",-28.3115510992848,25.6395532275084
"406","T369","RON04","Nav-Pinsylv","Pinsylv","hot_damaged",-27.8389545686096,27.1031179286663
"407","T373","RON04","Nav-Pinsylv","Pinsylv","hot_damaged",-28.8778100713782,26.9814424780269
"408","T373","RON04","Nav-Pinsylv","Pinsylv","hot_damaged",-28.8778100713782,26.9814424780269
"409","T370","RON04","Nav-Pinsylv","Pinsylv","hot_damaged",-27.3862610277318,27.5406127809682
"410","T372","RON04","Nav-Pinsylv","Pinsylv","hot_damaged",-28.6400587560237,27.2054541703349
"411","T371","RON04","Nav-Pinsylv","Pinsylv","hot_damaged",-29.0721344942476,27.1334929445236
"412","T424","URZ03","Nav-Pinsylv","Pinsylv","cold_healthy",-29.6942980917522,28.4126768199009
"413","T427","URZ03","Nav-Pinsylv","Pinsylv","cold_healthy",-29.0324486336782,29.2181226501655
"414","T426","URZ03","Nav-Pinsylv","Pinsylv","cold_healthy",-28.567769382167,26.1306861005123
"415","T428","URZ03","Nav-Pinsylv","Pinsylv","cold_healthy",-28.9803386028486,27.1915473551623
"416","T425","URZ03","Nav-Pinsylv","Pinsylv","cold_healthy",-27.3151413375756,25.8179921446412
"417","T417","URZ02","Nav-Pinsylv","Pinsylv","cold_healthy",-29.3754604578202,27.5983973616007
"418","T420","URZ02","Nav-Pinsylv","Pinsylv","cold_healthy",-29.9999763872042,28.8662583772018
"419","T423","URZ02","Nav-Pinsylv","Pinsylv","cold_healthy",-30.0959328349664,28.793701455125
"420","T421","URZ02","Nav-Pinsylv","Pinsylv","cold_healthy",-28.9546928565379,27.1922853544603
"421","T422","URZ02","Nav-Pinsylv","Pinsylv","cold_healthy",-28.7437399791123,29.6410093603656
"422","T418","URZ01","Nav-Pinsylv","Pinsylv","cold_healthy",-28.5024289474169,27.2140611720077
"423","T406","URZ01","Nav-Pinsylv","Pinsylv","cold_healthy",-28.0644565388802,27.4441390829608
"424","T408","URZ01","Nav-Pinsylv","Pinsylv","cold_healthy",-30.2565941871464,27.7362490244797
"425","T409","URZ01","Nav-Pinsylv","Pinsylv","cold_healthy",-28.3890946398296,27.8161301355229
"426","T419","URZ01","Nav-Pinsylv","Pinsylv","cold_healthy",-28.9372096834779,26.6772619615788
"427","T368","RON03","Nav-Pinsylv","Pinsylv","hot_damaged",-28.4104807427016,26.9575491185156
"428","T364","RON03","Nav-Pinsylv","Pinsylv","hot_damaged",-29.271675931813,25.3506545818897
"429","T366","RON03","Nav-Pinsylv","Pinsylv","hot_damaged",-29.7409932219404,26.7046458078577
"430","T367","RON03","Nav-Pinsylv","Pinsylv","hot_damaged",-28.3449163104093,24.9403924856128
"431","T365","RON03","Nav-Pinsylv","Pinsylv","hot_damaged",-29.0014186010444,27.5207248518248
"432","T381","RON06","Nav-Pinsylv","Pinsylv","hot_damaged",-28.4923263969045,26.7587764485379
"433","T382","RON06","Nav-Pinsylv","Pinsylv","hot_damaged",-27.7073722085065,26.7953522969799
"434","T379","RON06","Nav-Pinsylv","Pinsylv","hot_damaged",-30.3218987003046,27.3567101733973
"435","T383","RON06","Nav-Pinsylv","Pinsylv","hot_damaged",-29.0725957172892,26.8740826606356
"436","T380","RON06","Nav-Pinsylv","Pinsylv","hot_damaged",-28.8832993620372,27.2390751442737
"437","T476","FAG01","Hue-Abialba","Abialba","hot_healthy",-26.0096479540494,28.2604463929091
"438","T478","FAG01","Hue-Abialba","Abialba","hot_healthy",-25.5736065191318,27.2083302610186
"439","T479","FAG01","Hue-Abialba","Abialba","hot_damaged",-27.9298603242213,26.5290348491954
"440","T480","FAG01","Hue-Abialba","Abialba","hot_damaged",-27.0361751486335,27.8364109203572
"441","T477","FAG01","Hue-Abialba","Abialba","hot_damaged",-27.5906566725384,27.578574779692
"442","T487","FAG02","Hue-Abialba","Abialba","hot_damaged",-28.8447252929351,28.3682600326297
"443","T489","FAG02","Hue-Abialba","Abialba","hot_healthy",-28.3321392004707,27.6495097614728
"444","T488","FAG02","Hue-Abialba","Abialba","hot_healthy",-28.3764830678971,29.4363901370706
"445","T486","FAG02","Hue-Abialba","Abialba","hot_healthy",-27.8392009901087,27.5518370575084
"446","T490","FAG02","Hue-Abialba","Abialba","hot_healthy",-28.8506946807804,26.1764605985726
"447","T495","FAG03","Hue-Abialba","Abialba","hot_healthy",-25.8074435887674,27.5917491571147
"448","T492","FAG03","Hue-Abialba","Abialba","hot_healthy",-29.0527453242607,27.6393175593086
"449","T491","FAG03","Hue-Abialba","Abialba","hot_healthy",-28.3348543947236,26.7063392037983
"450","T493","FAG03","Hue-Abialba","Abialba","hot_healthy",-27.5885933109472,27.2115771527175
"451","T494","FAG03","Hue-Abialba","Abialba","hot_healthy",-28.0197782132727,26.4549351668562
"452","T475","FAG04","Hue-Abialba","Abialba","hot_damaged",-28.1109456745627,27.9388482730987
"453","T471","FAG04","Hue-Abialba","Abialba","hot_damaged",-29.0256263535277,27.9832188249649
"454","T472","FAG04","Hue-Abialba","Abialba","hot_healthy",-29.6994161472067,27.271272843146
"455","T473","FAG04","Hue-Abialba","Abialba","hot_damaged",-27.2125416020279,27.7316317612486
"456","T474","FAG04","Hue-Abialba","Abialba","hot_damaged",-26.5879399514842,27.6865870349191
"457","T482","FAG05","Hue-Abialba","Abialba","hot_healthy",-28.8200835936329,27.3488999157543
"458","T485","FAG05","Hue-Abialba","Abialba","hot_healthy",-27.0431721855504,28.5701920064405
"459","T481","FAG05","Hue-Abialba","Abialba","hot_damaged",-28.3182869755071,26.581156926064
"460","T483","FAG05","Hue-Abialba","Abialba","hot_healthy",-30.5111411089951,27.5603703078717
"461","T484","FAG05","Hue-Abialba","Abialba","hot_damaged",-28.9613415686197,26.3958652925934
"462","T388","OZA01","Hue-Abialba","Abialba","cold_healthy",-30.5791897928574,30.2638872480252
"463","T385","OZA01","Hue-Abialba","Abialba","cold_healthy",-29.8180314821268,27.0716379999582
"464","T387","OZA01","Hue-Abialba","Abialba","cold_healthy",-27.8700764627984,28.8377420625484
"465","T386","OZA01","Hue-Abialba","Abialba","cold_healthy",-28.510087703494,28.9508770969016
"466","T384","OZA01","Hue-Abialba","Abialba","cold_healthy",-30.5280020121244,25.5318646639817
"467","T351","SAR06","Nav-Abialba","Abialba","cold_healthy",-29.7576054760329,29.3164834992547
"468","T276","BAS03","Nav-Abialba","Abialba","hot_healthy",-30.8758495671319,29.6461857831149
"469","missing_1","CED01","Ter-Pinsylv","Pinsylv","cold_healthy",-25.8238518526922,33.1346740865076
"470","missing_2","CED01","Ter-Pinsylv","Pinsylv","cold_healthy",-25.9859700162435,30.9205028730162
